"id","status_group","latitude","longitude","region","management","quantity"
41857,"functional",-6.86615448,39.37121958,"Dar-Es-Salaam","wug","seasonal"
22837,"non-functional",-6.8655047,39.41513329,"Dar-Es-Salaam","vwc","dry"
53930,"non-functional",-6.86582565,39.41581127,"Dar-Es-Salaam","vwc","dry"
49097,"functional",-7.12888268,39.5215713,"Dar-Es-Salaam","vwc","enough"
2496,"non-functional",-6.86573721,39.39950113,"Dar-Es-Salaam","other - school","dry"
33298,"non-functional",-6.86533204,39.41252679,"Dar-Es-Salaam","vwc","dry"
17313,"functional",-6.86491072,39.36865443,"Dar-Es-Salaam","wug","seasonal"
6646,"non-functional",-6.8656501,39.41307608,"Dar-Es-Salaam","vwc","dry"
16291,"non-functional",-6.86120992,39.36122258,"Dar-Es-Salaam","other - school","dry"
14306,"non-functional",-6.86616708,39.41503195,"Dar-Es-Salaam","vwc","dry"
40122,"non-functional",-6.86627474,39.36430333,"Dar-Es-Salaam","wug","dry"
23907,"non-functional",-6.86352262,39.41263752,"Dar-Es-Salaam","vwc","dry"
52176,"non-functional",-6.90799622,39.37778296,"Dar-Es-Salaam","other - school","insufficient"
41139,"non-functional",-6.86287061,39.35982379,"Dar-Es-Salaam","vwc","dry"
6402,"non-functional",-6.8638996,39.41471479,"Dar-Es-Salaam","vwc","dry"
63172,"functional",-6.8654517,39.36702187,"Dar-Es-Salaam","wug","seasonal"
36476,"non-functional",-6.86375378,39.36733988,"Dar-Es-Salaam","other - school","dry"
40028,"non-functional",-6.86164095,39.36124233,"Dar-Es-Salaam","wug","insufficient"
4067,"non-functional",-6.8990694,39.48119249,"Dar-Es-Salaam","vwc","enough"
48399,"non-functional",-6.8656573,39.37325944,"Dar-Es-Salaam","other - school","dry"
33601,"functional",-7.1199834,39.52081696,"Dar-Es-Salaam","vwc","enough"
38113,"non-functional",-6.86424983,39.36381206,"Dar-Es-Salaam","other - school","dry"
50061,"functional-needs-repair",-7.15756258,39.50675257,"Dar-Es-Salaam","parastatal","insufficient"
51086,"functional",-6.85064751,39.32307892,"Dar-Es-Salaam","other - school","enough"
57536,"functional",-7.12684025,39.52368487,"Dar-Es-Salaam","vwc","enough"
20301,"functional",-6.86267162,39.3629743,"Dar-Es-Salaam","wug","enough"
21237,"non-functional",-6.86358536,39.36468411,"Dar-Es-Salaam","other - school","dry"
20092,"non-functional",-6.83988211,39.34511028,"Dar-Es-Salaam","other - school","dry"
70375,"non-functional",-6.86452118,39.41225273,"Dar-Es-Salaam","vwc","dry"
53270,"non-functional",-6.83446625,39.34656971,"Dar-Es-Salaam","vwc","dry"
61510,"non-functional",-6.84048932,39.34932742,"Dar-Es-Salaam","other - school","dry"
68104,"non-functional",-6.8762458,39.38633773,"Dar-Es-Salaam","other - school","dry"
54375,"non-functional",-6.86387473,39.36440514,"Dar-Es-Salaam","other - school","dry"
12730,"functional",-7.10452304,39.42745228,"Dar-Es-Salaam","vwc","enough"
10874,"non-functional",-6.89474227,39.36345027,"Dar-Es-Salaam","other - school","insufficient"
28303,"non-functional",-6.87382203,39.39716558,"Dar-Es-Salaam","other - school","dry"
28703,"non-functional",-6.86669713,39.39990845,"Dar-Es-Salaam","other - school","dry"
5095,"functional",-6.88240284,39.4353604,"Dar-Es-Salaam","vwc","enough"
50221,"non-functional",-6.8335189,39.34405412,"Dar-Es-Salaam","other - school","dry"
10181,"functional",-6.83598579,39.34118476,"Dar-Es-Salaam","other - school","enough"
38452,"non-functional",-6.87322368,39.39832317,"Dar-Es-Salaam","other - school","dry"
73182,"non-functional",-7.00917387,39.53426616,"Dar-Es-Salaam","vwc","seasonal"
221,"functional",-6.87047415,39.37370696,"Dar-Es-Salaam","wug","seasonal"
17706,"functional",-6.86082241,39.35724028,"Dar-Es-Salaam","wug","seasonal"
26231,"non-functional",-6.86423753,39.41289596,"Dar-Es-Salaam","vwc","dry"
21467,"non-functional",-6.84763936,39.34196722,"Dar-Es-Salaam","other - school","enough"
12627,"non-functional",-6.85789618,39.39950088,"Dar-Es-Salaam","other - school","dry"
53875,"non-functional",-6.87646428,39.38538869,"Dar-Es-Salaam","other - school","dry"
37769,"non-functional",-6.87314777,39.40154356,"Dar-Es-Salaam","other - school","dry"
61639,"functional",-6.86376375,39.32787134,"Dar-Es-Salaam","private operator","enough"
40378,"functional",-6.8763401,39.40961317,"Dar-Es-Salaam","other - school","enough"
68528,"functional",-6.85164021,39.34271659,"Dar-Es-Salaam","other - school","enough"
2329,"functional",-7.12684925,39.52269564,"Dar-Es-Salaam","vwc","enough"
8417,"non-functional",-6.87374956,39.39941603,"Dar-Es-Salaam","other - school","dry"
61579,"non-functional",-6.8750411,39.39120456,"Dar-Es-Salaam","vwc","dry"
45934,"non-functional",-6.85738362,39.32551789,"Dar-Es-Salaam","other - school","dry"
52158,"non-functional",-6.9179474,39.47305674,"Dar-Es-Salaam","other - school","dry"
35341,"non-functional",-6.89761748,39.43898202,"Dar-Es-Salaam","other - school","dry"
25357,"non-functional",-6.89840262,39.44140518,"Dar-Es-Salaam","other - school","dry"
28439,"non-functional",-6.86608099,39.3973539,"Dar-Es-Salaam","other - school","dry"
44086,"non-functional",-6.85614677,39.32556588,"Dar-Es-Salaam","other - school","dry"
41479,"non-functional",-6.85539389,39.31933481,"Dar-Es-Salaam","other - school","seasonal"
63602,"non-functional",-7.01223295,39.53432087,"Dar-Es-Salaam","other - school","seasonal"
60227,"functional",-7.1257291,39.52187046,"Dar-Es-Salaam","vwc","enough"
2441,"non-functional",-6.87486489,39.39581587,"Dar-Es-Salaam","other - school","dry"
55806,"functional",-7.09485075,39.53148056,"Dar-Es-Salaam","vwc","enough"
68101,"non-functional",-7.15299639,39.50606948,"Dar-Es-Salaam","vwc","enough"
67065,"non-functional",-6.86788593,39.39926577,"Dar-Es-Salaam","vwc","dry"
28357,"non-functional",-6.86762145,39.40139431,"Dar-Es-Salaam","other - school","dry"
48969,"non-functional",-7.0994868,39.43413663,"Dar-Es-Salaam","vwc","dry"
63413,"non-functional",-7.07682601,39.53096107,"Dar-Es-Salaam","vwc","enough"
32867,"non-functional",-6.89374569,39.44428737,"Dar-Es-Salaam","other - school","dry"
13351,"non-functional",-6.86684627,39.39866337,"Dar-Es-Salaam","other - school","dry"
1713,"functional",-7.09634074,39.4336884,"Dar-Es-Salaam","vwc","enough"
33122,"non-functional",-6.87273768,39.39838318,"Dar-Es-Salaam","vwc","dry"
14003,"non-functional",-6.57636729,39.13122311,"Dar-Es-Salaam","parastatal","enough"
17569,"functional",-6.86048297,39.35517325,"Dar-Es-Salaam","wug","enough"
33463,"non-functional",-6.85642558,39.35662971,"Dar-Es-Salaam","wug","seasonal"
63819,"non-functional",-6.86444201,39.37135389,"Dar-Es-Salaam","vwc","dry"
58531,"functional",-6.85370469,39.35271131,"Dar-Es-Salaam","other - school","enough"
21299,"non-functional",-7.01560525,39.53689034,"Dar-Es-Salaam","other - school","seasonal"
48191,"non-functional",-6.86838457,39.40013688,"Dar-Es-Salaam","vwc","dry"
4257,"functional",-6.85530332,39.35134171,"Dar-Es-Salaam","wug","seasonal"
47027,"non-functional",-6.86899134,39.39794814,"Dar-Es-Salaam","other - school","dry"
68647,"non-functional",-6.8905616,39.44213496,"Dar-Es-Salaam","other - school","dry"
17691,"functional",-7.00210279,39.53550928,"Dar-Es-Salaam","parastatal","enough"
17113,"functional",-7.05953297,39.53166316,"Dar-Es-Salaam","vwc","enough"
40281,"non-functional",-7.10079807,39.43119052,"Dar-Es-Salaam","vwc","dry"
3396,"functional",-6.98480223,39.52402148,"Dar-Es-Salaam","vwc","enough"
44475,"functional",-6.88081557,39.33096519,"Dar-Es-Salaam","other - school","enough"
47089,"non-functional",-6.85570546,39.3538463,"Dar-Es-Salaam","wug","dry"
17642,"functional",-6.84700681,39.35160157,"Dar-Es-Salaam","other - school","enough"
8412,"non-functional",-7.00196327,39.53713175,"Dar-Es-Salaam","parastatal","insufficient"
55322,"functional",-7.08818301,39.53459924,"Dar-Es-Salaam","vwc","enough"
55605,"non-functional",-7.10001853,39.43223034,"Dar-Es-Salaam","vwc","dry"
60616,"non-functional",-6.94096824,39.43050678,"Dar-Es-Salaam","parastatal","enough"
15466,"functional",-6.84960283,39.352696,"Dar-Es-Salaam","other - school","enough"
735,"functional",-6.63899236,39.16253395,"Dar-Es-Salaam","parastatal","enough"
53229,"non-functional",-6.8432772,39.3483989,"Dar-Es-Salaam","other - school","dry"
30500,"functional",-7.10152993,39.41037347,"Dar-Es-Salaam","vwc","enough"
35877,"non-functional",-6.85924675,39.32532529,"Dar-Es-Salaam","other - school","dry"
3230,"non-functional",-7.16292054,39.50520515,"Dar-Es-Salaam","vwc","dry"
71791,"functional",-6.86414768,39.34679814,"Dar-Es-Salaam","wug","seasonal"
63823,"functional",-7.07714699,39.53081544,"Dar-Es-Salaam","vwc","enough"
54848,"non-functional",-6.90190842,39.44163826,"Dar-Es-Salaam","other - school","dry"
13222,"non-functional",-7.09859995,39.43462817,"Dar-Es-Salaam","vwc","dry"
26293,"non-functional",-7.09627911,39.43371534,"Dar-Es-Salaam","vwc","dry"
58017,"functional",-7.09496905,39.43572905,"Dar-Es-Salaam","vwc","enough"
44840,"non-functional",-7.09841632,39.43185401,"Dar-Es-Salaam","vwc","dry"
61241,"functional",-6.86296774,39.34344056,"Dar-Es-Salaam","wug","enough"
69005,"non-functional",-7.09984523,39.43075271,"Dar-Es-Salaam","vwc","dry"
30186,"non-functional",-7.09859163,39.43061023,"Dar-Es-Salaam","vwc","dry"
35195,"non-functional",-6.83920473,39.35054888,"Dar-Es-Salaam","other - school","dry"
46668,"functional",-6.85502351,39.34267674,"Dar-Es-Salaam","other - school","enough"
71617,"non-functional",-6.91356942,39.38138182,"Dar-Es-Salaam","other - school","enough"
3577,"functional",-7.09983256,39.43090198,"Dar-Es-Salaam","vwc","enough"
60983,"non-functional",-6.98874758,39.52711433,"Dar-Es-Salaam","vwc","dry"
17203,"non-functional",-7.00752957,39.53214169,"Dar-Es-Salaam","other - school","seasonal"
67187,"functional",-6.85966387,39.34417595,"Dar-Es-Salaam","wug","enough"
61723,"functional-needs-repair",-6.90165096,39.36664355,"Dar-Es-Salaam","other - school","insufficient"
6931,"non-functional",-7.1020036,39.42935711,"Dar-Es-Salaam","vwc","dry"
7640,"functional",-6.98635796,39.52786169,"Dar-Es-Salaam","vwc","unknown"
53440,"functional",-6.98789471,39.52578914,"Dar-Es-Salaam","parastatal","enough"
26688,"functional",-7.11101044,39.41895043,"Dar-Es-Salaam","vwc","enough"
28943,"non-functional",-6.98686896,39.5261829,"Dar-Es-Salaam","vwc","dry"
73409,"non-functional",-6.91715805,39.48349393,"Dar-Es-Salaam","other - school","dry"
25305,"functional",-7.05889516,39.53358444,"Dar-Es-Salaam","vwc","enough"
25724,"non-functional",-6.91695262,39.48841995,"Dar-Es-Salaam","vwc","dry"
44041,"functional",-7.10735328,39.41254197,"Dar-Es-Salaam","vwc","enough"
50385,"functional",-6.86397816,39.35191178,"Dar-Es-Salaam","wug","insufficient"
40469,"non-functional",-7.07071371,39.5338265,"Dar-Es-Salaam","vwc","enough"
34489,"non-functional",-7.00800854,39.53433925,"Dar-Es-Salaam","vwc","seasonal"
33682,"non-functional",-7.0366237,39.41568948,"Dar-Es-Salaam","other - school","enough"
49516,"non-functional",-6.89431668,39.43678131,"Dar-Es-Salaam","other - school","seasonal"
55567,"functional",-6.59136797,39.11067764,"Dar-Es-Salaam","parastatal","enough"
23849,"functional",-7.10078328,39.43119444,"Dar-Es-Salaam","vwc","enough"
23292,"functional",-7.16088786,39.50758115,"Dar-Es-Salaam","vwc","seasonal"
11510,"non-functional",-6.99858052,39.52102973,"Dar-Es-Salaam","vwc","enough"
8990,"functional",-7.07330677,39.53303845,"Dar-Es-Salaam","vwc","enough"
8338,"non-functional",-6.87041182,39.39838027,"Dar-Es-Salaam","other - school","dry"
52754,"functional",-7.06728609,39.53197102,"Dar-Es-Salaam","vwc","enough"
51603,"non-functional",-7.10489214,39.41605833,"Dar-Es-Salaam","vwc","enough"
21302,"functional",-7.10215789,39.42943665,"Dar-Es-Salaam","vwc","enough"
3714,"non-functional",-6.8695763,39.40132726,"Dar-Es-Salaam","vwc","dry"
36624,"non-functional",-7.09858277,39.43587111,"Dar-Es-Salaam","vwc","dry"
3603,"non-functional",-6.98602501,39.52575652,"Dar-Es-Salaam","parastatal","dry"
57587,"functional",-6.8670441,39.37560415,"Dar-Es-Salaam","vwc","enough"
49277,"non-functional",-6.59058898,39.11192723,"Dar-Es-Salaam","vwc","enough"
23084,"non-functional",-6.87828374,39.34122378,"Dar-Es-Salaam","other - school","enough"
41932,"functional",-7.09813034,39.42404602,"Dar-Es-Salaam","vwc","enough"
59891,"non-functional",-6.87280324,39.40159629,"Dar-Es-Salaam","vwc","enough"
61495,"non-functional",-6.89434532,39.34688962,"Dar-Es-Salaam","other - school","insufficient"
18883,"functional",-6.85922578,39.3563375,"Dar-Es-Salaam","wug","insufficient"
39045,"non-functional",-6.87181596,39.39943911,"Dar-Es-Salaam","other - school","dry"
30656,"functional",-6.9031152,39.19570674,"Dar-Es-Salaam","private operator","enough"
62819,"functional",-6.88363802,39.33169508,"Dar-Es-Salaam","other - school","enough"
72501,"functional",-6.96825032,39.51363562,"Dar-Es-Salaam","vwc","enough"
60589,"non-functional",-7.09669676,39.4336116,"Dar-Es-Salaam","vwc","dry"
56546,"non-functional",-6.87182771,39.39895932,"Dar-Es-Salaam","other - school","dry"
31645,"functional",-7.09791675,39.43368204,"Dar-Es-Salaam","vwc","insufficient"
66137,"non-functional",-6.89390598,39.34098975,"Dar-Es-Salaam","vwc","dry"
68041,"functional",-7.05359865,39.53215382,"Dar-Es-Salaam","vwc","enough"
41589,"non-functional",-6.97641707,39.51023164,"Dar-Es-Salaam","vwc","enough"
6354,"functional",-7.09943384,39.434248,"Dar-Es-Salaam","vwc","enough"
25042,"functional",-7.04607487,39.53122066,"Dar-Es-Salaam","vwc","enough"
4185,"non-functional",-6.93497361,39.48030567,"Dar-Es-Salaam","vwc","dry"
12188,"non-functional",-6.98519084,39.52530703,"Dar-Es-Salaam","parastatal","insufficient"
4531,"non-functional",-6.87099614,39.39961724,"Dar-Es-Salaam","other - school","dry"
36150,"functional",-6.8959345,39.21448429,"Dar-Es-Salaam","private operator","enough"
803,"non-functional",-6.98505565,39.52539559,"Dar-Es-Salaam","other - school","dry"
7338,"functional",-6.85931489,39.31874843,"Dar-Es-Salaam","other - school","enough"
72768,"functional",-6.89869372,39.19539734,"Dar-Es-Salaam","private operator","enough"
31837,"functional",-6.91007547,39.1890945,"Dar-Es-Salaam","wug","enough"
47940,"non-functional",-6.9353778,39.48142456,"Dar-Es-Salaam","vwc","dry"
21980,"functional",-6.93171179,39.18914265,"Dar-Es-Salaam","private operator","enough"
39757,"non-functional",-6.89257089,39.42953307,"Dar-Es-Salaam","other - school","dry"
10977,"functional",-7.0427844,39.53131281,"Dar-Es-Salaam","vwc","enough"
2529,"functional",-6.92889424,39.1870229,"Dar-Es-Salaam","private operator","enough"
35806,"non-functional",-6.92117327,39.1762163,"Dar-Es-Salaam","wug","enough"
26762,"non-functional",-6.89506457,39.21420528,"Dar-Es-Salaam","wug","enough"
19501,"non-functional",-6.86939693,39.40239127,"Dar-Es-Salaam","other - school","dry"
20474,"functional",-6.90132251,39.20117527,"Dar-Es-Salaam","private operator","enough"
56944,"non-functional",-6.89405311,39.19412207,"Dar-Es-Salaam","wug","enough"
17943,"functional",-7.05961761,39.53352229,"Dar-Es-Salaam","vwc","enough"
29994,"non-functional",-6.85662528,39.32338063,"Dar-Es-Salaam","other - school","dry"
43782,"non-functional",-6.89372106,39.34250345,"Dar-Es-Salaam","vwc","dry"
70049,"functional",-6.90003313,39.19703555,"Dar-Es-Salaam","parastatal","enough"
4684,"non-functional",-6.94817873,39.37407836,"Dar-Es-Salaam","vwc","insufficient"
13257,"non-functional",-6.90873861,39.19016208,"Dar-Es-Salaam","wug","enough"
513,"functional",-6.9053659,39.19915573,"Dar-Es-Salaam","wug","enough"
14042,"functional",-6.91297488,39.18022126,"Dar-Es-Salaam","private operator","enough"
65853,"non-functional",-6.9375185,39.48159002,"Dar-Es-Salaam","vwc","dry"
36967,"functional",-6.90751815,39.21454719,"Dar-Es-Salaam","private operator","enough"
35566,"functional",-6.91108444,39.19198127,"Dar-Es-Salaam","wug","enough"
18898,"functional",-6.89953012,39.19543032,"Dar-Es-Salaam","parastatal","enough"
28057,"functional",-6.90223223,39.19794116,"Dar-Es-Salaam","parastatal","enough"
10860,"non-functional",-6.87233259,39.40063227,"Dar-Es-Salaam","other - school","dry"
66155,"functional",-6.92305254,39.20547038,"Dar-Es-Salaam","wug","enough"
18830,"functional",-6.9155761,39.19456272,"Dar-Es-Salaam","wug","enough"
7528,"functional",-6.90610005,39.18991672,"Dar-Es-Salaam","private operator","enough"
69117,"functional",-6.90132157,39.19394529,"Dar-Es-Salaam","private operator","enough"
69647,"non-functional",-6.91513829,39.19234786,"Dar-Es-Salaam","wug","enough"
32320,"non-functional",-6.91548779,39.18697002,"Dar-Es-Salaam","wug","enough"
40606,"non-functional",-7.0261666,39.53081799,"Dar-Es-Salaam","other - school","enough"
73034,"functional",-6.90680236,39.20379018,"Dar-Es-Salaam","wug","enough"
41,"functional",-6.90360466,39.22806629,"Dar-Es-Salaam","private operator","enough"
54858,"functional",-6.91447746,39.18251875,"Dar-Es-Salaam","parastatal","enough"
21421,"functional",-6.93043582,39.18238785,"Dar-Es-Salaam","private operator","enough"
22831,"non-functional",-6.96475193,39.4061444,"Dar-Es-Salaam","other - school","enough"
6406,"functional",-6.90111873,39.19371551,"Dar-Es-Salaam","private operator","enough"
61729,"functional",-6.90371347,39.1932117,"Dar-Es-Salaam","private operator","enough"
65193,"non-functional",-6.93946304,39.48187747,"Dar-Es-Salaam","vwc","dry"
23137,"functional",-6.91365491,39.22751944,"Dar-Es-Salaam","parastatal","enough"
24627,"non-functional",-6.89422427,39.3404686,"Dar-Es-Salaam","other - school","seasonal"
12342,"functional",-6.90226947,39.18735847,"Dar-Es-Salaam","private operator","enough"
33975,"functional",-6.9284305,39.18808223,"Dar-Es-Salaam","private operator","enough"
15060,"non-functional",-6.89856859,39.19232899,"Dar-Es-Salaam","wug","enough"
19789,"functional",-6.91303954,39.21797184,"Dar-Es-Salaam","private operator","enough"
50837,"functional",-6.92176422,39.2033919,"Dar-Es-Salaam","wug","enough"
68245,"functional",-6.903094,39.19424065,"Dar-Es-Salaam","private operator","enough"
15633,"functional",-6.91842136,39.20529297,"Dar-Es-Salaam","wug","enough"
34125,"functional",-6.93932242,39.17926888,"Dar-Es-Salaam","wug","enough"
42650,"functional",-6.67276571,39.17059708,"Dar-Es-Salaam","vwc","enough"
57251,"non-functional",-6.97455417,39.41387408,"Dar-Es-Salaam","other - school","enough"
41940,"functional",-6.91126983,39.22419322,"Dar-Es-Salaam","private operator","enough"
1912,"non-functional",-6.93391449,39.17862778,"Dar-Es-Salaam","wug","enough"
36938,"functional",-6.90686308,39.21480324,"Dar-Es-Salaam","wug","enough"
31142,"functional",-6.89357116,39.19546608,"Dar-Es-Salaam","wug","enough"
61657,"functional",-6.90294177,39.21486255,"Dar-Es-Salaam","wug","enough"
58169,"functional",-6.92472255,39.16935223,"Dar-Es-Salaam","private operator","enough"
34603,"functional",-6.93304473,39.17157416,"Dar-Es-Salaam","private operator","enough"
22437,"functional",-6.89287393,39.1938213,"Dar-Es-Salaam","private operator","enough"
53536,"functional",-6.93400066,39.18087349,"Dar-Es-Salaam","wug","enough"
58344,"functional",-6.91972194,39.20302253,"Dar-Es-Salaam","wug","enough"
32239,"functional",-6.91777752,39.18457965,"Dar-Es-Salaam","wug","enough"
24174,"functional",-6.67251757,39.17385502,"Dar-Es-Salaam","vwc","enough"
55494,"functional",-6.90173008,39.19746381,"Dar-Es-Salaam","wug","enough"
43055,"non-functional",-6.89841917,39.33781879,"Dar-Es-Salaam","other - school","seasonal"
36042,"functional",-6.92440046,39.17887131,"Dar-Es-Salaam","private operator","enough"
43081,"functional",-6.92996196,39.18185397,"Dar-Es-Salaam","private operator","enough"
3074,"functional",-6.92040624,39.20216469,"Dar-Es-Salaam","private operator","enough"
28520,"functional",-6.90355783,39.23199607,"Dar-Es-Salaam","private operator","enough"
8059,"non-functional",-6.91744912,39.19418204,"Dar-Es-Salaam","wug","enough"
6156,"non-functional",-6.90147253,39.21124544,"Dar-Es-Salaam","wug","enough"
53981,"functional",-6.91976431,39.19928902,"Dar-Es-Salaam","private operator","enough"
27302,"functional",-6.89048468,39.18845623,"Dar-Es-Salaam","parastatal","enough"
62987,"functional",-6.98352072,39.21359289,"Dar-Es-Salaam","other - school","enough"
9497,"functional",-6.90838489,39.17744651,"Dar-Es-Salaam","wug","enough"
41947,"non-functional",-6.8978189,39.19539137,"Dar-Es-Salaam","wug","enough"
8053,"non-functional",-6.9333869,39.18511771,"Dar-Es-Salaam","parastatal","enough"
4459,"functional",-6.91463365,39.19396164,"Dar-Es-Salaam","private operator","enough"
72864,"functional",-6.89659809,39.20134378,"Dar-Es-Salaam","private operator","enough"
48252,"non-functional",-6.89800141,39.33593292,"Dar-Es-Salaam","other - school","enough"
15553,"functional",-6.88991695,39.19232272,"Dar-Es-Salaam","wug","enough"
18120,"non-functional",-6.89548662,39.19368055,"Dar-Es-Salaam","wug","enough"
28669,"functional",-6.89259326,39.1857105,"Dar-Es-Salaam","private operator","enough"
54226,"non-functional",-6.92628748,39.16510636,"Dar-Es-Salaam","wug","enough"
68534,"functional",-6.91427991,39.18714671,"Dar-Es-Salaam","wug","enough"
58923,"functional",-6.90245751,39.21084363,"Dar-Es-Salaam","wug","enough"
57402,"functional",-6.8963632,39.21403003,"Dar-Es-Salaam","private operator","enough"
60149,"functional",-6.90856934,39.20842942,"Dar-Es-Salaam","private operator","enough"
1571,"functional",-6.90192959,39.19937534,"Dar-Es-Salaam","parastatal","enough"
4478,"functional",-6.9035237,39.18693478,"Dar-Es-Salaam","private operator","unknown"
39560,"functional",-6.91518989,39.20577759,"Dar-Es-Salaam","private operator","enough"
23630,"functional",-6.91568911,39.22313775,"Dar-Es-Salaam","private operator","enough"
69651,"functional",-6.90197422,39.21459417,"Dar-Es-Salaam","wug","enough"
29234,"functional",-6.89793275,39.18732438,"Dar-Es-Salaam","wug","enough"
15858,"functional",-6.89163219,39.19215523,"Dar-Es-Salaam","wug","enough"
49817,"functional",-6.91070492,39.15612455,"Dar-Es-Salaam","wug","enough"
73818,"functional",-6.90102846,39.19786006,"Dar-Es-Salaam","parastatal","enough"
48136,"functional",-6.90023964,39.20047822,"Dar-Es-Salaam","private operator","enough"
31411,"non-functional",-6.90573887,39.17860368,"Dar-Es-Salaam","wug","enough"
32865,"functional",-6.91278413,39.15619234,"Dar-Es-Salaam","wug","enough"
48254,"functional",-6.89744146,39.19551832,"Dar-Es-Salaam","private operator","enough"
33395,"functional",-6.89757912,39.21283461,"Dar-Es-Salaam","private operator","enough"
52992,"functional",-6.90094925,39.20251989,"Dar-Es-Salaam","private operator","enough"
46977,"functional",-6.9307198,39.18114798,"Dar-Es-Salaam","private operator","enough"
67623,"functional",-6.90059583,39.21474861,"Dar-Es-Salaam","parastatal","enough"
13741,"functional",-6.93575905,39.18374126,"Dar-Es-Salaam","private operator","enough"
43351,"functional",-6.93318764,39.18105348,"Dar-Es-Salaam","private operator","enough"
33658,"non-functional",-6.89472485,39.3415448,"Dar-Es-Salaam","other - school","insufficient"
47619,"functional",-6.90063472,39.2109291,"Dar-Es-Salaam","private operator","enough"
68918,"non-functional",-6.9701166,39.41269071,"Dar-Es-Salaam","vwc","enough"
18786,"functional",-6.89959366,39.20008234,"Dar-Es-Salaam","private operator","enough"
56631,"functional",-6.91649866,39.21996168,"Dar-Es-Salaam","wug","enough"
17171,"functional",-6.93356973,39.17892269,"Dar-Es-Salaam","wug","enough"
48949,"non-functional",-6.89321164,39.19168638,"Dar-Es-Salaam","wug","enough"
51563,"functional",-6.94468618,39.15901221,"Dar-Es-Salaam","parastatal","enough"
49195,"non-functional",-6.66272741,39.06540729,"Dar-Es-Salaam","company","enough"
18606,"functional",-6.90191968,39.18755177,"Dar-Es-Salaam","private operator","enough"
50148,"functional",-6.91579441,39.19361828,"Dar-Es-Salaam","private operator","enough"
32992,"functional",-6.91559448,39.19357363,"Dar-Es-Salaam","private operator","enough"
68313,"functional",-6.93605595,39.18399856,"Dar-Es-Salaam","private operator","enough"
26619,"functional",-6.88980842,39.19149592,"Dar-Es-Salaam","wug","enough"
21647,"non-functional",-7.01749648,39.41329894,"Dar-Es-Salaam","other - school","enough"
11261,"functional",-6.91526226,39.20189688,"Dar-Es-Salaam","private operator","enough"
45816,"functional",-6.91024592,39.15701604,"Dar-Es-Salaam","private operator","unknown"
7731,"functional",-6.89915488,39.19696222,"Dar-Es-Salaam","private operator","enough"
12296,"functional",-6.90277475,39.21310456,"Dar-Es-Salaam","wug","enough"
17346,"non-functional",-6.89253812,39.18796152,"Dar-Es-Salaam","wug","enough"
39620,"functional",-6.89146126,39.19097218,"Dar-Es-Salaam","wug","enough"
63186,"non-functional",-6.90219081,39.21135382,"Dar-Es-Salaam","wug","enough"
26986,"functional",-6.90690726,39.18037102,"Dar-Es-Salaam","wug","enough"
68446,"functional",-6.89311237,39.18982039,"Dar-Es-Salaam","wug","enough"
3411,"non-functional",-6.97061021,39.17758403,"Dar-Es-Salaam","wug","enough"
34640,"functional",-6.67186821,39.17280613,"Dar-Es-Salaam","vwc","enough"
37166,"functional",-6.89551702,39.19906484,"Dar-Es-Salaam","private operator","enough"
9628,"functional",-6.89752663,39.20187877,"Dar-Es-Salaam","private operator","enough"
37120,"functional",-6.90407123,39.18784552,"Dar-Es-Salaam","wug","enough"
14694,"functional",-6.90728189,39.20770848,"Dar-Es-Salaam","wug","enough"
41841,"functional",-6.90596882,39.2001847,"Dar-Es-Salaam","private operator","enough"
9225,"functional-needs-repair",-7.03141135,39.41312727,"Dar-Es-Salaam","parastatal","enough"
63763,"non-functional",-6.96874756,39.21980557,"Dar-Es-Salaam","other - school","enough"
18408,"non-functional",-6.9096607,39.15708839,"Dar-Es-Salaam","wug","enough"
59622,"functional",-6.91742072,39.20326183,"Dar-Es-Salaam","private operator","enough"
68539,"functional",-6.90403121,39.22175813,"Dar-Es-Salaam","private operator","enough"
50183,"functional",-7.00163909,39.51489092,"Dar-Es-Salaam","vwc","enough"
35082,"functional",-6.93790593,39.17492861,"Dar-Es-Salaam","parastatal","enough"
21252,"functional",-6.89746029,39.19675731,"Dar-Es-Salaam","private operator","insufficient"
15037,"functional",-6.94416328,39.18900965,"Dar-Es-Salaam","private operator","enough"
72853,"functional",-6.89831336,39.19169671,"Dar-Es-Salaam","private operator","enough"
6779,"functional",-6.89120986,39.19334512,"Dar-Es-Salaam","wug","enough"
9920,"functional",-6.91490724,39.15593904,"Dar-Es-Salaam","wug","enough"
54915,"functional",-6.89444292,39.19335107,"Dar-Es-Salaam","wug","enough"
65330,"non-functional",-6.89175367,39.18812732,"Dar-Es-Salaam","wug","enough"
16236,"functional",-6.90102787,39.2001372,"Dar-Es-Salaam","private operator","enough"
18717,"functional",-6.90321548,39.18058291,"Dar-Es-Salaam","wug","enough"
54552,"functional",-6.89389914,39.18745653,"Dar-Es-Salaam","private operator","enough"
40414,"functional",-6.90315656,39.1888421,"Dar-Es-Salaam","wug","enough"
65851,"functional",-6.89049657,39.19040498,"Dar-Es-Salaam","wug","enough"
62818,"functional",-6.89756586,39.18378959,"Dar-Es-Salaam","wug","enough"
56834,"functional",-6.90122467,39.18351494,"Dar-Es-Salaam","wug","enough"
13143,"non-functional",-6.91734103,39.19908677,"Dar-Es-Salaam","wug","unknown"
6304,"functional",-6.89893021,39.34495232,"Dar-Es-Salaam","other - school","enough"
48968,"functional",-6.90358651,39.20986968,"Dar-Es-Salaam","private operator","enough"
66457,"functional",-6.90404157,39.22050993,"Dar-Es-Salaam","private operator","enough"
38667,"functional",-6.93541986,39.1756999,"Dar-Es-Salaam","parastatal","enough"
54301,"functional",-6.92497238,39.15364948,"Dar-Es-Salaam","parastatal","enough"
59343,"functional",-6.89890236,39.18556508,"Dar-Es-Salaam","wug","enough"
42229,"functional",-6.89081513,39.19204734,"Dar-Es-Salaam","wug","enough"
62148,"functional",-6.90703774,39.17192056,"Dar-Es-Salaam","parastatal","enough"
56216,"functional",-6.89767231,39.18562173,"Dar-Es-Salaam","private operator","enough"
64169,"functional",-6.89206809,39.19140838,"Dar-Es-Salaam","private operator","enough"
34498,"non-functional",-6.90238742,39.15839523,"Dar-Es-Salaam","wug","enough"
21636,"non-functional",-6.90219911,39.21134216,"Dar-Es-Salaam","wug","enough"
15423,"non-functional",-6.90062306,39.15807533,"Dar-Es-Salaam","parastatal","enough"
39747,"functional",-6.90961079,39.15656435,"Dar-Es-Salaam","wug","enough"
42855,"non-functional",-6.89495591,39.1876936,"Dar-Es-Salaam","wug","enough"
43544,"non-functional",-6.91861651,39.16365216,"Dar-Es-Salaam","wug","enough"
66459,"non-functional",-6.96656294,39.41360222,"Dar-Es-Salaam","other - school","enough"
12056,"functional",-6.91234434,39.19985733,"Dar-Es-Salaam","private operator","enough"
37752,"functional",-6.90177394,39.20267541,"Dar-Es-Salaam","parastatal","enough"
5645,"functional",-6.90421118,39.17882549,"Dar-Es-Salaam","wug","enough"
10200,"functional",-6.9026492,39.15772863,"Dar-Es-Salaam","private operator","unknown"
57249,"non-functional",-6.93036716,39.48042176,"Dar-Es-Salaam","vwc","dry"
13048,"functional",-6.89693519,39.16970522,"Dar-Es-Salaam","private operator","enough"
48180,"non-functional",-6.97159664,39.15506569,"Dar-Es-Salaam","parastatal","enough"
51546,"functional",-6.94539752,39.18512882,"Dar-Es-Salaam","private operator","enough"
63376,"functional",-6.91692467,39.19886934,"Dar-Es-Salaam","private operator","enough"
21230,"non-functional",-6.91234796,39.16302672,"Dar-Es-Salaam","wug","enough"
772,"functional",-6.90226808,39.18621429,"Dar-Es-Salaam","private operator","enough"
31863,"functional",-6.90339582,39.21621697,"Dar-Es-Salaam","private operator","enough"
66895,"functional",-6.97124038,39.17497586,"Dar-Es-Salaam","wug","enough"
8582,"functional",-6.89542172,39.19469082,"Dar-Es-Salaam","private operator","enough"
25470,"functional",-6.98228445,39.17850987,"Dar-Es-Salaam","wug","insufficient"
10341,"non-functional",-6.8985288,39.16234647,"Dar-Es-Salaam","wug","enough"
22717,"non-functional",-6.96715659,39.17644738,"Dar-Es-Salaam","wug","enough"
5252,"non-functional",-6.97055507,39.17923325,"Dar-Es-Salaam","parastatal","enough"
18355,"functional",-6.9027413,39.17171565,"Dar-Es-Salaam","private operator","enough"
59339,"functional",-6.8962771,39.18437452,"Dar-Es-Salaam","wug","enough"
33325,"non-functional",-7.00301404,39.13002869,"Dar-Es-Salaam","wug","dry"
47191,"functional",-6.90754002,39.17257301,"Dar-Es-Salaam","parastatal","enough"
18001,"non-functional",-6.94495738,39.18062853,"Dar-Es-Salaam","wug","enough"
30763,"non-functional",-6.9004092,39.34310847,"Dar-Es-Salaam","other - school","enough"
71283,"functional",-6.89263063,39.18629314,"Dar-Es-Salaam","private operator","enough"
26640,"functional",-6.95709837,39.17648024,"Dar-Es-Salaam","wua","enough"
10764,"functional",-6.90988991,39.16372468,"Dar-Es-Salaam","wug","enough"
12413,"functional",-6.89792355,39.16210483,"Dar-Es-Salaam","private operator","enough"
13261,"non-functional",-6.92397979,39.15612332,"Dar-Es-Salaam","wug","enough"
35556,"non-functional",-6.97423352,39.17605345,"Dar-Es-Salaam","wug","dry"
32678,"functional",-6.97740884,39.17194405,"Dar-Es-Salaam","private operator","enough"
43491,"non-functional",-6.97237411,39.17818602,"Dar-Es-Salaam","parastatal","enough"
8156,"non-functional",-6.94479491,39.18065164,"Dar-Es-Salaam","unknown","unknown"
70530,"functional",-6.90324377,39.34738713,"Dar-Es-Salaam","other - school","enough"
33422,"functional",-6.90274542,39.21266957,"Dar-Es-Salaam","private operator","enough"
54871,"non-functional",-6.89916957,39.15886765,"Dar-Es-Salaam","wug","enough"
23055,"functional",-6.96809129,39.18112175,"Dar-Es-Salaam","wug","enough"
28835,"functional",-6.92146456,39.16127924,"Dar-Es-Salaam","private operator","enough"
69546,"functional",-6.89954266,39.16244797,"Dar-Es-Salaam","private operator","unknown"
33200,"functional",-6.90026009,39.16292212,"Dar-Es-Salaam","private operator","enough"
64440,"functional",-6.96136442,39.16784508,"Dar-Es-Salaam","wug","insufficient"
48039,"non-functional",-7.00217908,39.15958841,"Dar-Es-Salaam","wug","enough"
34247,"non-functional",-6.91458861,39.20037199,"Dar-Es-Salaam","wug","enough"
39749,"non-functional",-6.90254757,39.15988725,"Dar-Es-Salaam","unknown","unknown"
3922,"functional",-6.89692136,39.17304784,"Dar-Es-Salaam","private operator","enough"
14743,"non-functional",-6.98517263,39.42162338,"Dar-Es-Salaam","other - school","enough"
24827,"functional",-6.90256927,39.20388032,"Dar-Es-Salaam","parastatal","enough"
67736,"functional",-6.89381376,39.18450813,"Dar-Es-Salaam","wug","enough"
52963,"non-functional",-6.90666258,39.17230763,"Dar-Es-Salaam","parastatal","enough"
58728,"functional",-6.97476924,39.17752577,"Dar-Es-Salaam","private operator","enough"
11523,"non-functional",-6.8968812,39.17819184,"Dar-Es-Salaam","wug","enough"
43861,"functional",-6.93371857,39.17615989,"Dar-Es-Salaam","private operator","enough"
52465,"functional",-6.98280588,39.17802798,"Dar-Es-Salaam","wug","enough"
68552,"functional",-6.97589143,39.21797915,"Dar-Es-Salaam","other - school","insufficient"
51607,"functional",-6.97791506,39.18702129,"Dar-Es-Salaam","wug","enough"
27018,"non-functional",-6.9680046,39.1742908,"Dar-Es-Salaam","wug","enough"
72601,"non-functional",-6.98922531,39.42303514,"Dar-Es-Salaam","other - school","enough"
44287,"non-functional",-6.90359487,39.33713777,"Dar-Es-Salaam","other - school","seasonal"
69427,"non-functional",-6.99381496,39.42583886,"Dar-Es-Salaam","other - school","enough"
40899,"functional",-6.90112578,39.17223064,"Dar-Es-Salaam","private operator","enough"
15832,"non-functional",-6.93801296,39.17840407,"Dar-Es-Salaam","wug","enough"
58986,"functional",-6.8997667,39.16227868,"Dar-Es-Salaam","private operator","enough"
36871,"functional",-6.89841272,39.18982492,"Dar-Es-Salaam","private operator","enough"
30447,"functional",-6.9345466,39.1345597,"Dar-Es-Salaam","parastatal","enough"
43724,"functional",-6.90660217,39.17210449,"Dar-Es-Salaam","parastatal","enough"
50233,"non-functional",-6.97320593,39.17884933,"Dar-Es-Salaam","other","dry"
15800,"functional",-6.8954911,39.17020618,"Dar-Es-Salaam","private operator","enough"
12625,"functional",-6.90269658,39.16921843,"Dar-Es-Salaam","private operator","enough"
62957,"functional",-6.94212992,39.1714931,"Dar-Es-Salaam","private operator","enough"
57059,"non-functional",-6.90285131,39.17175444,"Dar-Es-Salaam","wug","enough"
37760,"functional",-6.96338533,39.17387157,"Dar-Es-Salaam","wug","insufficient"
48585,"non-functional",-6.97410846,39.17740319,"Dar-Es-Salaam","private operator","enough"
41342,"functional",-6.91273973,39.16266897,"Dar-Es-Salaam","private operator","enough"
34170,"non-functional",-7.0058651,39.11710478,"Dar-Es-Salaam","wug","enough"
2458,"non-functional",-6.89976091,39.1696892,"Dar-Es-Salaam","wug","enough"
52204,"functional",-6.89579902,39.17002641,"Dar-Es-Salaam","private operator","enough"
50597,"functional",-6.8983802,39.17343131,"Dar-Es-Salaam","private operator","enough"
19062,"functional",-6.973132,39.17847294,"Dar-Es-Salaam","wug","enough"
21372,"functional",-6.8984976,39.17339583,"Dar-Es-Salaam","private operator","enough"
54057,"functional",-6.90046353,39.17370295,"Dar-Es-Salaam","private operator","enough"
22858,"functional",-6.97390421,39.18862685,"Dar-Es-Salaam","wug","enough"
5163,"non-functional",-6.99545576,39.12651326,"Dar-Es-Salaam","wug","enough"
20939,"functional",-6.89794723,39.17067398,"Dar-Es-Salaam","private operator","enough"
28931,"functional",-6.90279295,39.16793053,"Dar-Es-Salaam","private operator","enough"
18571,"functional",-6.91209516,39.13981553,"Dar-Es-Salaam","private operator","enough"
53825,"functional",-6.89741674,39.16855795,"Dar-Es-Salaam","private operator","enough"
61152,"non-functional",-6.98266952,39.15360039,"Dar-Es-Salaam","wug","enough"
41229,"functional",-6.89677997,39.16975548,"Dar-Es-Salaam","private operator","enough"
36101,"functional",-6.70504936,39.17224013,"Dar-Es-Salaam","vwc","insufficient"
17661,"functional",-6.90289365,39.16820967,"Dar-Es-Salaam","private operator","enough"
24524,"non-functional",-6.97146211,39.14523523,"Dar-Es-Salaam","parastatal","enough"
10428,"non-functional",-6.65236083,39.07004624,"Dar-Es-Salaam","vwc","enough"
27835,"functional",-6.91908523,39.13551062,"Dar-Es-Salaam","private operator","enough"
19372,"functional",-6.92112599,39.35667606,"Dar-Es-Salaam","other - school","seasonal"
30064,"functional",-6.94192923,39.17433139,"Dar-Es-Salaam","private operator","enough"
49126,"non-functional",-6.99655691,39.11366243,"Dar-Es-Salaam","wug","enough"
31317,"functional",-6.89545148,39.17056994,"Dar-Es-Salaam","private operator","enough"
56072,"non-functional",-6.91705454,39.3567569,"Dar-Es-Salaam","other - school","enough"
64375,"functional",-6.90050217,39.17231797,"Dar-Es-Salaam","private operator","enough"
7410,"non-functional",-6.917461,39.35457189,"Dar-Es-Salaam","vwc","dry"
9540,"functional",-6.89597787,39.16687128,"Dar-Es-Salaam","private operator","enough"
69360,"functional",-6.85137656,39.17926898,"Dar-Es-Salaam","private operator","enough"
12787,"functional",-6.91661893,39.35515251,"Dar-Es-Salaam","other - school","enough"
10880,"functional",-6.91538321,39.35485341,"Dar-Es-Salaam","vwc","enough"
57268,"non-functional",-6.90077408,39.16678457,"Dar-Es-Salaam","wug","unknown"
71244,"non-functional",-6.97820812,39.15741706,"Dar-Es-Salaam","wug","enough"
15819,"functional",-6.9138057,39.35702053,"Dar-Es-Salaam","other - school","enough"
11356,"functional",-6.89750381,39.1688557,"Dar-Es-Salaam","private operator","enough"
33117,"non-functional",-6.72169757,39.05669488,"Dar-Es-Salaam","vwc","enough"
25285,"functional",-6.89506574,39.17011864,"Dar-Es-Salaam","private operator","enough"
39168,"functional",-6.99815437,39.4247082,"Dar-Es-Salaam","other - school","enough"
15253,"functional",-7.00520187,39.14909457,"Dar-Es-Salaam","private operator","enough"
73790,"functional",-7.00120494,39.15707883,"Dar-Es-Salaam","wug","enough"
27368,"functional",-6.83353401,39.16417761,"Dar-Es-Salaam","wug","enough"
8281,"non-functional",-6.97129369,39.15227114,"Dar-Es-Salaam","wug","enough"
16809,"non-functional",-6.99470401,39.11921037,"Dar-Es-Salaam","wug","enough"
27744,"non-functional",-6.91141717,39.13426574,"Dar-Es-Salaam","wug","enough"
60715,"functional",-6.97239019,39.11781857,"Dar-Es-Salaam","parastatal","enough"
17232,"non-functional",-6.99470401,39.11921037,"Dar-Es-Salaam","wug","enough"
44257,"non-functional",-6.99518701,39.11940852,"Dar-Es-Salaam","wug","enough"
74111,"functional",-6.91642427,39.13465859,"Dar-Es-Salaam","private operator","enough"
54954,"functional",-6.92690229,39.11975589,"Dar-Es-Salaam","private operator","enough"
61271,"functional",-6.70505407,39.17284096,"Dar-Es-Salaam","vwc","insufficient"
49285,"non-functional",-6.88089712,39.12088866,"Dar-Es-Salaam","wug","enough"
51271,"non-functional",-7.04571759,39.08571243,"Dar-Es-Salaam","parastatal","unknown"
36769,"functional",-6.90734259,39.34944788,"Dar-Es-Salaam","vwc","enough"
37044,"functional",-6.94240039,39.10871086,"Dar-Es-Salaam","private operator","enough"
40207,"functional",-6.88547329,39.12140525,"Dar-Es-Salaam","wug","enough"
66079,"functional",-6.64514434,39.0949129,"Dar-Es-Salaam","vwc","enough"
47910,"non-functional",-6.64664059,39.10515822,"Dar-Es-Salaam","vwc","dry"
26973,"functional",-6.6393603,39.09167923,"Dar-Es-Salaam","vwc","enough"
56632,"functional",-6.89855821,39.17074782,"Dar-Es-Salaam","private operator","enough"
5495,"functional",-7.00286518,39.15529297,"Dar-Es-Salaam","wug","enough"
47484,"functional",-6.93480872,39.12831519,"Dar-Es-Salaam","parastatal","enough"
62158,"functional",-6.90569599,39.11818306,"Dar-Es-Salaam","private operator","enough"
60515,"functional",-6.96387245,39.09161446,"Dar-Es-Salaam","private operator","enough"
73422,"functional",-6.64602571,39.09615908,"Dar-Es-Salaam","vwc","enough"
47962,"functional",-6.64822926,39.09380171,"Dar-Es-Salaam","vwc","enough"
71584,"non-functional",-6.84280412,39.15659839,"Dar-Es-Salaam","private operator","enough"
60330,"functional",-6.94535033,39.1086116,"Dar-Es-Salaam","private operator","enough"
27422,"functional",-6.91974614,39.13676293,"Dar-Es-Salaam","private operator","enough"
66978,"functional",-6.64242645,39.09651253,"Dar-Es-Salaam","vwc","enough"
73356,"functional",-6.91422085,39.13710355,"Dar-Es-Salaam","private operator","enough"
73805,"functional",-6.64777205,39.09251539,"Dar-Es-Salaam","vwc","enough"
25745,"functional",-6.6384359,39.08939705,"Dar-Es-Salaam","vwc","enough"
21273,"functional",-6.9787555,39.09309544,"Dar-Es-Salaam","parastatal","enough"
27544,"functional",-7.02864899,39.10083735,"Dar-Es-Salaam","private operator","enough"
64457,"functional",-6.9787555,39.09309544,"Dar-Es-Salaam","parastatal","enough"
10097,"non-functional",-6.84164555,39.15801144,"Dar-Es-Salaam","parastatal","enough"
5852,"non-functional",-6.920273,39.12336503,"Dar-Es-Salaam","unknown","unknown"
59252,"non-functional",-6.8782803,39.12838707,"Dar-Es-Salaam","wug","enough"
72276,"functional",-6.91785593,39.35524855,"Dar-Es-Salaam","other - school","enough"
15165,"non-functional",-6.85322823,39.16326016,"Dar-Es-Salaam","wug","enough"
1697,"functional",-6.64178127,39.09680568,"Dar-Es-Salaam","vwc","enough"
12266,"functional",-6.64211007,39.09620499,"Dar-Es-Salaam","vwc","enough"
62029,"functional",-6.64918297,39.09331542,"Dar-Es-Salaam","vwc","enough"
1799,"non-functional",-6.73692591,39.19021422,"Dar-Es-Salaam","vwc","dry"
51053,"functional",-6.8839383,39.12157454,"Dar-Es-Salaam","wug","enough"
59346,"non-functional",-7.00184727,39.42557738,"Dar-Es-Salaam","vwc","insufficient"
46335,"functional",-7.04014171,39.08773147,"Dar-Es-Salaam","wug","enough"
68437,"functional",-6.64700197,39.0918288,"Dar-Es-Salaam","vwc","enough"
56933,"non-functional",-6.73401097,39.19104166,"Dar-Es-Salaam","vwc","unknown"
19189,"functional",-6.99248314,39.11744983,"Dar-Es-Salaam","private operator","enough"
45899,"functional",-6.91383402,39.12210812,"Dar-Es-Salaam","private operator","enough"
68088,"non-functional",-6.6596024,39.07524889,"Dar-Es-Salaam","parastatal","insufficient"
61226,"functional",-6.63969469,39.09376666,"Dar-Es-Salaam","vwc","enough"
47270,"functional",-6.85289084,39.17129615,"Dar-Es-Salaam","private operator","enough"
41855,"non-functional",-6.64696621,39.10317459,"Dar-Es-Salaam","vwc","dry"
58771,"non-functional",-6.64807165,39.10299911,"Dar-Es-Salaam","vwc","dry"
23877,"non-functional",-6.91236223,39.13204757,"Dar-Es-Salaam","wug","insufficient"
29117,"functional",-6.93072159,39.11951676,"Dar-Es-Salaam","wug","insufficient"
18031,"functional",-7.00082246,39.15823161,"Dar-Es-Salaam","private operator","enough"
33670,"functional",-6.91378697,39.12093052,"Dar-Es-Salaam","private operator","enough"
40441,"non-functional",-6.90898039,39.12258141,"Dar-Es-Salaam","wug","enough"
47211,"functional",-7.00120005,39.15854653,"Dar-Es-Salaam","private operator","enough"
60326,"functional",-7.02747336,39.09937023,"Dar-Es-Salaam","parastatal","enough"
37702,"functional",-6.91744228,39.12672507,"Dar-Es-Salaam","wug","enough"
47598,"non-functional",-6.97457698,39.10962636,"Dar-Es-Salaam","wug","enough"
50422,"functional",-6.9148631,39.11569775,"Dar-Es-Salaam","parastatal","enough"
11228,"functional",-6.97443316,39.08860883,"Dar-Es-Salaam","private operator","enough"
57056,"non-functional",-6.99928679,39.11970133,"Dar-Es-Salaam","wug","enough"
31435,"functional",-6.63891906,39.09367042,"Dar-Es-Salaam","vwc","enough"
43243,"functional",-6.6410545,39.09622345,"Dar-Es-Salaam","vwc","enough"
14732,"functional",-6.63979441,39.09497273,"Dar-Es-Salaam","vwc","enough"
25011,"functional",-6.84375997,39.15539186,"Dar-Es-Salaam","private operator","enough"
26019,"non-functional",-7.05513806,39.07495147,"Dar-Es-Salaam","wug","enough"
3394,"functional",-6.87715255,39.12406441,"Dar-Es-Salaam","wug","enough"
17976,"functional",-6.88259703,39.12058466,"Dar-Es-Salaam","wug","insufficient"
52012,"non-functional",-6.9799109,39.09674464,"Dar-Es-Salaam","wug","seasonal"
43096,"functional",-6.87611765,39.12828356,"Dar-Es-Salaam","wug","enough"
52654,"functional",-6.90998881,39.35039824,"Dar-Es-Salaam","other - school","enough"
62999,"functional",-6.91093283,39.19691118,"Dar-Es-Salaam","private operator","enough"
13011,"non-functional",-6.87753838,39.12427827,"Dar-Es-Salaam","wug","enough"
71820,"functional",-6.91260446,39.1210781,"Dar-Es-Salaam","wug","enough"
3588,"non-functional",-6.97424365,39.11193641,"Dar-Es-Salaam","wug","enough"
60686,"non-functional",-6.99621049,39.10342778,"Dar-Es-Salaam","wug","insufficient"
34215,"non-functional",-6.97391498,39.10789343,"Dar-Es-Salaam","wug","enough"
49448,"functional",-6.98233575,39.09050755,"Dar-Es-Salaam","wug","enough"
10099,"non-functional",-6.97813975,39.14941257,"Dar-Es-Salaam","wug","enough"
6594,"non-functional",-6.93070414,39.11955461,"Dar-Es-Salaam","wug","enough"
39088,"functional",-6.96544389,39.09728159,"Dar-Es-Salaam","private operator","enough"
15846,"functional",-6.64678354,39.09194412,"Dar-Es-Salaam","vwc","enough"
50886,"functional",-6.64304486,39.08928693,"Dar-Es-Salaam","vwc","enough"
48100,"functional",-6.8845872,39.1248551,"Dar-Es-Salaam","wug","enough"
41703,"non-functional",-6.72800385,39.19447193,"Dar-Es-Salaam","vwc","dry"
39505,"non-functional",-7.00657982,39.08745452,"Dar-Es-Salaam","wug","enough"
62450,"non-functional",-6.84153931,39.16071662,"Dar-Es-Salaam","parastatal","enough"
36992,"non-functional",-6.9003867,39.35836254,"Dar-Es-Salaam","other - school","dry"
42223,"functional",-6.95817728,39.09834032,"Dar-Es-Salaam","private operator","enough"
21282,"non-functional",-6.91319027,39.13321629,"Dar-Es-Salaam","wug","enough"
65834,"functional",-6.63963195,39.09572859,"Dar-Es-Salaam","vwc","enough"
69361,"non-functional",-6.89202681,39.11817685,"Dar-Es-Salaam","wug","enough"
41906,"non-functional",-6.73431027,39.1875803,"Dar-Es-Salaam","vwc","dry"
56342,"non-functional",-6.97559391,39.10530661,"Dar-Es-Salaam","wug","enough"
73876,"non-functional",-6.97627011,39.10395018,"Dar-Es-Salaam","wug","enough"
53921,"non-functional",-6.97559391,39.10530661,"Dar-Es-Salaam","wug","enough"
64843,"non-functional",-6.97627011,39.10395018,"Dar-Es-Salaam","wug","enough"
53560,"functional",-6.70316365,39.17314979,"Dar-Es-Salaam","vwc","insufficient"
25035,"functional",-6.67342013,39.15608471,"Dar-Es-Salaam","vwc","insufficient"
13702,"non-functional",-6.99254835,39.11780678,"Dar-Es-Salaam","wug","unknown"
46912,"functional",-6.91227476,39.35203076,"Dar-Es-Salaam","other - school","enough"
7657,"non-functional",-6.9132247,39.13026479,"Dar-Es-Salaam","wug","enough"
73984,"functional",-6.9193988,39.12261315,"Dar-Es-Salaam","private operator","enough"
14177,"functional",-6.95068173,39.10237572,"Dar-Es-Salaam","private operator","enough"
16870,"non-functional",-6.9527234,39.11715078,"Dar-Es-Salaam","wug","enough"
71814,"non-functional",-6.95524196,39.100964,"Dar-Es-Salaam","parastatal","enough"
44093,"functional",-6.92111101,39.35684958,"Dar-Es-Salaam","other - school","enough"
8182,"non-functional",-6.90799236,39.12224668,"Dar-Es-Salaam","wug","enough"
69018,"functional",-6.91390781,39.13540896,"Dar-Es-Salaam","private operator","enough"
73454,"non-functional",-7.01848293,39.08997378,"Dar-Es-Salaam","wug","enough"
66598,"non-functional",-6.91360977,39.12685635,"Dar-Es-Salaam","wug","enough"
34844,"non-functional",-6.95542884,39.1007204,"Dar-Es-Salaam","parastatal","enough"
60907,"non-functional",-6.9813255,39.10124424,"Dar-Es-Salaam","wug","insufficient"
29615,"non-functional",-6.9813255,39.10124424,"Dar-Es-Salaam","wug","insufficient"
42996,"functional",-6.86804087,39.13657239,"Dar-Es-Salaam","private operator","enough"
45688,"non-functional",-7.00165593,39.42533904,"Dar-Es-Salaam","other - school","seasonal"
72177,"non-functional",-7.01251202,39.11794034,"Dar-Es-Salaam","wug","dry"
45427,"non-functional",-6.90076105,39.33751876,"Dar-Es-Salaam","other - school","seasonal"
24235,"functional",-6.968816,39.09530918,"Dar-Es-Salaam","private operator","enough"
53777,"functional",-6.94364957,39.1075555,"Dar-Es-Salaam","private operator","enough"
6501,"non-functional",-6.91348934,39.1265509,"Dar-Es-Salaam","wug","enough"
45314,"functional",-6.98360619,39.09837398,"Dar-Es-Salaam","private operator","enough"
16099,"functional",-6.98360619,39.09837398,"Dar-Es-Salaam","private operator","enough"
59617,"non-functional",-6.91049191,39.12066136,"Dar-Es-Salaam","wug","seasonal"
23012,"functional",-6.8421897,39.16718801,"Dar-Es-Salaam","private operator","enough"
39754,"non-functional",-7.04742877,39.0814137,"Dar-Es-Salaam","wug","enough"
72748,"functional",-6.98318263,39.10375198,"Dar-Es-Salaam","wug","enough"
45249,"functional",-6.98318263,39.10375198,"Dar-Es-Salaam","wug","enough"
72808,"non-functional",-6.73133574,39.1942551,"Dar-Es-Salaam","vwc","dry"
25788,"non-functional",-6.91391256,39.13161424,"Dar-Es-Salaam","parastatal","enough"
30025,"non-functional",-7.01981432,39.10914721,"Dar-Es-Salaam","wug","enough"
8713,"functional",-6.97531061,39.10848482,"Dar-Es-Salaam","private operator","enough"
15963,"non-functional",-6.84106131,39.15806892,"Dar-Es-Salaam","parastatal","enough"
36921,"non-functional",-6.75276206,39.03908798,"Dar-Es-Salaam","parastatal","enough"
3045,"functional",-6.84445555,39.15709311,"Dar-Es-Salaam","private operator","enough"
44673,"non-functional",-7.04906243,39.07913982,"Dar-Es-Salaam","wug","enough"
66875,"functional",-6.95466994,39.09997675,"Dar-Es-Salaam","parastatal","enough"
69049,"non-functional",-6.94115315,39.10182462,"Dar-Es-Salaam","unknown","unknown"
72237,"functional",-7.00018132,39.0807633,"Dar-Es-Salaam","unknown","unknown"
669,"functional",-6.95826668,39.09630911,"Dar-Es-Salaam","private operator","enough"
44339,"non-functional",-6.96235668,39.0978494,"Dar-Es-Salaam","parastatal","enough"
53493,"functional",-6.91314089,39.12599001,"Dar-Es-Salaam","wug","enough"
7868,"non-functional",-6.90332825,39.11923813,"Dar-Es-Salaam","wug","enough"
60212,"functional",-6.91311951,39.1174919,"Dar-Es-Salaam","private operator","enough"
72847,"non-functional",-6.73872819,39.18359439,"Dar-Es-Salaam","vwc","dry"
42952,"functional",-6.9802163,39.09649867,"Dar-Es-Salaam","private operator","enough"
60604,"functional",-6.9802163,39.09649867,"Dar-Es-Salaam","private operator","enough"
34666,"functional",-6.98200774,39.08955697,"Dar-Es-Salaam","parastatal","enough"
8929,"functional",-6.95604764,39.09945364,"Dar-Es-Salaam","private operator","enough"
4030,"functional",-7.00224105,39.08069434,"Dar-Es-Salaam","private operator","enough"
47399,"functional",-6.94432067,39.10557685,"Dar-Es-Salaam","private operator","enough"
49839,"functional",-6.91940124,39.12355778,"Dar-Es-Salaam","private operator","enough"
26771,"non-functional",-6.9802204,39.09851362,"Dar-Es-Salaam","wug","enough"
23255,"non-functional",-6.9802204,39.09851362,"Dar-Es-Salaam","wug","enough"
66437,"functional",-6.9449121,39.10938034,"Dar-Es-Salaam","private operator","enough"
46091,"non-functional",-6.90945702,39.12087634,"Dar-Es-Salaam","wug","enough"
61785,"non-functional",-6.73828298,39.17722653,"Dar-Es-Salaam","vwc","dry"
14334,"functional",-6.98077879,39.09663797,"Dar-Es-Salaam","private operator","enough"
6268,"non-functional",-6.65658187,39.08152624,"Dar-Es-Salaam","wug","enough"
5900,"functional",-6.96576386,39.10155117,"Dar-Es-Salaam","private operator","enough"
19228,"non-functional",-6.90944294,39.12088394,"Dar-Es-Salaam","wug","insufficient"
65831,"functional",-6.96928585,39.09581436,"Dar-Es-Salaam","parastatal","enough"
19537,"functional",-6.96426414,39.09490622,"Dar-Es-Salaam","private operator","enough"
27731,"functional",-6.9534432,39.1032336,"Dar-Es-Salaam","private operator","enough"
61074,"non-functional",-6.98182996,39.09087979,"Dar-Es-Salaam","wug","insufficient"
38641,"non-functional",-6.98182996,39.09087979,"Dar-Es-Salaam","wug","insufficient"
32958,"non-functional",-6.98012199,39.09906887,"Dar-Es-Salaam","wug","enough"
43701,"non-functional",-6.98012199,39.09906887,"Dar-Es-Salaam","wug","enough"
9835,"non-functional",-6.86850974,39.12771915,"Dar-Es-Salaam","wug","enough"
23801,"functional",-6.95267666,39.10034506,"Dar-Es-Salaam","private operator","enough"
47429,"functional",-6.9585433,39.09589709,"Dar-Es-Salaam","private operator","enough"
73652,"functional",-7.00047996,39.09010935,"Dar-Es-Salaam","private operator","enough"
8906,"non-functional",-6.72661339,39.18876298,"Dar-Es-Salaam","wug","dry"
21659,"non-functional",-6.68557234,39.13582881,"Dar-Es-Salaam","vwc","enough"
2523,"functional",-6.6852803,39.13603616,"Dar-Es-Salaam","vwc","insufficient"
23361,"functional",-6.92680216,39.10122881,"Dar-Es-Salaam","wug","enough"
68473,"functional",-6.89327148,39.12016025,"Dar-Es-Salaam","private operator","enough"
61567,"non-functional",-6.91404008,39.13329502,"Dar-Es-Salaam","wug","enough"
6031,"functional",-7.00311253,39.08327689,"Dar-Es-Salaam","private operator","enough"
21666,"non-functional",-6.91335389,39.12520328,"Dar-Es-Salaam","wug","enough"
39315,"non-functional",-6.85139268,39.15171482,"Dar-Es-Salaam","wug","enough"
63596,"functional",-6.96364587,39.09281292,"Dar-Es-Salaam","parastatal","enough"
31784,"non-functional",-6.98172319,39.09074224,"Dar-Es-Salaam","wug","enough"
50413,"functional",-6.68484729,39.13323662,"Dar-Es-Salaam","vwc","enough"
18183,"functional",-6.86862625,39.13468888,"Dar-Es-Salaam","private operator","enough"
60389,"non-functional",-6.98052531,39.09057676,"Dar-Es-Salaam","wug","enough"
23208,"functional",-6.95706771,39.09852243,"Dar-Es-Salaam","private operator","enough"
41392,"functional",-6.95596685,39.09852085,"Dar-Es-Salaam","private operator","enough"
61617,"functional",-6.88793773,39.12155753,"Dar-Es-Salaam","private operator","enough"
32754,"functional",-6.88680233,39.12316481,"Dar-Es-Salaam","wug","enough"
41273,"functional",-7.01623457,39.08294436,"Dar-Es-Salaam","wug","enough"
47886,"functional",-6.70423009,39.17597914,"Dar-Es-Salaam","vwc","insufficient"
66764,"non-functional",-6.91116358,39.11580601,"Dar-Es-Salaam","unknown","unknown"
6980,"functional",-6.96447297,39.09322855,"Dar-Es-Salaam","private operator","enough"
19585,"functional",-6.96260362,39.09577571,"Dar-Es-Salaam","private operator","enough"
63616,"non-functional",-6.74973667,39.16819703,"Dar-Es-Salaam","vwc","dry"
7981,"non-functional",-6.97505158,39.09612255,"Dar-Es-Salaam","wug","enough"
6577,"non-functional",-6.97505158,39.09612255,"Dar-Es-Salaam","wug","enough"
67290,"functional",-7.00956643,39.08405518,"Dar-Es-Salaam","parastatal","enough"
41626,"functional",-6.97860563,39.08030598,"Dar-Es-Salaam","private operator","enough"
10932,"functional",-6.70505749,39.17544117,"Dar-Es-Salaam","vwc","insufficient"
62715,"functional",-7.0059177,39.07684285,"Dar-Es-Salaam","private operator","enough"
9029,"functional",-6.68838769,39.13990249,"Dar-Es-Salaam","vwc","enough"
13623,"non-functional",-6.97596494,39.09178536,"Dar-Es-Salaam","wug","enough"
14166,"non-functional",-6.97596494,39.09178536,"Dar-Es-Salaam","wug","enough"
47712,"functional",-6.9668957,39.09679551,"Dar-Es-Salaam","private operator","enough"
73299,"non-functional",-6.89297773,39.11979552,"Dar-Es-Salaam","wug","insufficient"
26783,"functional",-6.96491602,39.09751183,"Dar-Es-Salaam","private operator","enough"
39937,"functional",-6.95461848,39.09881254,"Dar-Es-Salaam","private operator","enough"
24739,"functional",-6.98311512,39.09508721,"Dar-Es-Salaam","private operator","enough"
27450,"functional",-6.98311512,39.09508721,"Dar-Es-Salaam","private operator","enough"
64743,"non-functional",-6.74741361,39.16672562,"Dar-Es-Salaam","vwc","dry"
77,"functional",-7.01283529,39.07968216,"Dar-Es-Salaam","wug","enough"
7926,"functional",-6.68880556,39.13195124,"Dar-Es-Salaam","vwc","insufficient"
11238,"functional",-6.99367343,39.07661582,"Dar-Es-Salaam","wug","enough"
60773,"functional",-6.95882403,39.09301075,"Dar-Es-Salaam","private operator","enough"
13010,"functional",-7.00131239,39.07883712,"Dar-Es-Salaam","private operator","enough"
13341,"functional",-6.92688589,39.09920933,"Dar-Es-Salaam","wug","enough"
27804,"functional",-7.0016278,39.0772966,"Dar-Es-Salaam","private operator","enough"
31778,"functional",-6.99947404,39.08690739,"Dar-Es-Salaam","private operator","enough"
60353,"functional",-7.00093651,39.08194162,"Dar-Es-Salaam","private operator","enough"
11633,"functional",-7.00687593,39.07707901,"Dar-Es-Salaam","private operator","enough"
46504,"functional",-6.89257727,39.11858937,"Dar-Es-Salaam","private operator","insufficient"
49806,"functional",-7.00192764,39.08049538,"Dar-Es-Salaam","private operator","enough"
53829,"functional",-6.88849507,39.12168457,"Dar-Es-Salaam","wug","enough"
58802,"functional",-7.01489533,39.08233848,"Dar-Es-Salaam","wug","enough"
1572,"functional",-6.95714587,39.09311621,"Dar-Es-Salaam","private operator","enough"
51316,"non-functional",-6.74428004,39.16439239,"Dar-Es-Salaam","vwc","dry"
66234,"functional",-7.00270803,39.07963396,"Dar-Es-Salaam","private operator","enough"
1217,"functional",-6.95841189,39.09475234,"Dar-Es-Salaam","private operator","enough"
11580,"functional",-6.98019707,39.09280413,"Dar-Es-Salaam","private operator","enough"
62366,"functional",-6.89386965,39.1180237,"Dar-Es-Salaam","private operator","enough"
62787,"functional",-6.98945622,39.09348389,"Dar-Es-Salaam","private operator","enough"
8761,"functional",-6.98945622,39.09348389,"Dar-Es-Salaam","private operator","enough"
33924,"non-functional",-6.73576223,39.14017681,"Dar-Es-Salaam","vwc","dry"
63064,"functional",-6.98584173,39.08618257,"Dar-Es-Salaam","private operator","enough"
22,"functional",-6.98584173,39.08618257,"Dar-Es-Salaam","private operator","enough"
71330,"functional",-6.70974161,39.10361692,"Dar-Es-Salaam","private operator","enough"
61984,"non-functional",-6.97979092,39.14930933,"Dar-Es-Salaam","wug","unknown"
26062,"functional",-6.95785252,39.09380865,"Dar-Es-Salaam","private operator","enough"
2836,"functional",-6.9878736,39.0874873,"Dar-Es-Salaam","wug","enough"
11479,"functional",-6.82260037,39.15884491,"Dar-Es-Salaam","private operator","enough"
70361,"non-functional",-6.75092197,39.04833589,"Dar-Es-Salaam","vwc","dry"
40933,"functional",-6.95732662,39.09570371,"Dar-Es-Salaam","private operator","enough"
28882,"functional",-6.89155237,39.1143289,"Dar-Es-Salaam","private operator","enough"
618,"functional",-6.98300812,39.09453548,"Dar-Es-Salaam","private operator","enough"
36478,"non-functional",-6.89863529,39.11934263,"Dar-Es-Salaam","wug","enough"
49341,"functional",-6.97832237,39.09138014,"Dar-Es-Salaam","parastatal","seasonal"
62821,"functional",-6.97832237,39.09138014,"Dar-Es-Salaam","parastatal","seasonal"
60316,"non-functional",-6.73827219,39.15714282,"Dar-Es-Salaam","vwc","dry"
62105,"functional",-6.86610433,39.13200721,"Dar-Es-Salaam","private operator","enough"
17934,"functional",-6.98188419,39.09206155,"Dar-Es-Salaam","private operator","enough"
70771,"functional",-6.98188419,39.09206155,"Dar-Es-Salaam","private operator","enough"
50567,"non-functional",-6.89913815,39.1192856,"Dar-Es-Salaam","wug","dry"
22648,"functional",-7.0011491,39.0791288,"Dar-Es-Salaam","private operator","enough"
58809,"non-functional",-6.89361008,39.1296995,"Dar-Es-Salaam","wug","insufficient"
5913,"non-functional",-6.97393009,39.09287141,"Dar-Es-Salaam","wug","enough"
52125,"functional",-7.00341541,39.07778081,"Dar-Es-Salaam","private operator","enough"
57989,"functional",-6.86619482,39.1327062,"Dar-Es-Salaam","private operator","enough"
6028,"non-functional",-7.00776048,39.0778135,"Dar-Es-Salaam","wug","enough"
71566,"functional",-6.95821579,39.09309464,"Dar-Es-Salaam","private operator","enough"
71811,"non-functional",-6.90283195,39.11519738,"Dar-Es-Salaam","wug","enough"
2138,"non-functional",-6.89891866,39.11910873,"Dar-Es-Salaam","wug","insufficient"
15220,"functional",-6.898023,39.11996164,"Dar-Es-Salaam","private operator","insufficient"
10673,"non-functional",-6.98738163,39.08723348,"Dar-Es-Salaam","wug","insufficient"
41888,"functional",-6.91283678,39.11378795,"Dar-Es-Salaam","parastatal","enough"
44509,"functional",-6.89215584,39.12143333,"Dar-Es-Salaam","private operator","enough"
27286,"functional",-6.74569069,39.16534989,"Dar-Es-Salaam","vwc","enough"
15174,"non-functional",-6.74400312,39.16147436,"Dar-Es-Salaam","vwc","dry"
31938,"non-functional",-6.98466464,39.08857637,"Dar-Es-Salaam","wug","enough"
18897,"non-functional",-7.02829096,39.04979058,"Dar-Es-Salaam","wug","enough"
61274,"functional",-6.98711084,39.08767225,"Dar-Es-Salaam","wug","enough"
70846,"functional",-6.97826294,39.09143391,"Dar-Es-Salaam","parastatal","enough"
67662,"functional",-6.97826294,39.09143391,"Dar-Es-Salaam","parastatal","enough"
6002,"non-functional",-6.89004147,39.11655424,"Dar-Es-Salaam","wug","enough"
37177,"functional",-7.00790871,39.068423,"Dar-Es-Salaam","private operator","enough"
54682,"non-functional",-6.90283977,39.11369395,"Dar-Es-Salaam","wug","enough"
48459,"non-functional",-7.00666716,39.09230542,"Dar-Es-Salaam","parastatal","enough"
22632,"non-functional",-6.71863207,39.18047493,"Dar-Es-Salaam","vwc","dry"
66641,"non-functional",-6.99261144,39.09568416,"Dar-Es-Salaam","wug","enough"
7526,"non-functional",-6.99261144,39.09568416,"Dar-Es-Salaam","wug","enough"
35997,"non-functional",-6.74050332,39.16577004,"Dar-Es-Salaam","vwc","dry"
58372,"functional",-6.83540953,39.12437194,"Dar-Es-Salaam","wug","seasonal"
49668,"functional",-6.69633255,39.17408293,"Dar-Es-Salaam","vwc","insufficient"
9435,"non-functional",-6.89775528,39.1241885,"Dar-Es-Salaam","parastatal","enough"
43914,"functional",-6.99054864,39.09044761,"Dar-Es-Salaam","wug","enough"
39481,"functional",-6.99054864,39.09044761,"Dar-Es-Salaam","wug","enough"
67905,"non-functional",-6.89998246,39.12212746,"Dar-Es-Salaam","wug","insufficient"
57317,"non-functional",-6.71468986,39.17998396,"Dar-Es-Salaam","vwc","dry"
37156,"functional",-6.89335979,39.1181266,"Dar-Es-Salaam","private operator","enough"
2735,"non-functional",-6.83272396,39.11791198,"Dar-Es-Salaam","wug","dry"
55624,"functional",-6.98602609,39.08843697,"Dar-Es-Salaam","wug","enough"
37720,"non-functional",-6.74196428,39.13073765,"Dar-Es-Salaam","vwc","dry"
61740,"non-functional",-6.73857793,39.16989174,"Dar-Es-Salaam","vwc","dry"
52157,"non-functional",-6.89148534,39.11670372,"Dar-Es-Salaam","wug","enough"
16891,"non-functional",-6.74168646,39.1621072,"Dar-Es-Salaam","vwc","dry"
35254,"functional",-6.70091665,39.13257435,"Dar-Es-Salaam","vwc","insufficient"
12435,"functional",-6.98267879,39.08827909,"Dar-Es-Salaam","private operator","enough"
62316,"functional",-7.00315599,39.08082473,"Dar-Es-Salaam","private operator","enough"
3028,"functional",-6.70066278,39.13443513,"Dar-Es-Salaam","vwc","insufficient"
36399,"functional",-6.70001871,39.17470843,"Dar-Es-Salaam","vwc","insufficient"
18165,"non-functional",-6.7444098,39.14244379,"Dar-Es-Salaam","vwc","dry"
52371,"functional",-6.99073094,39.08628657,"Dar-Es-Salaam","private operator","enough"
61069,"functional",-6.99073094,39.08628657,"Dar-Es-Salaam","private operator","enough"
8158,"non-functional",-6.74000429,39.16236455,"Dar-Es-Salaam","vwc","dry"
17323,"non-functional",-6.83213678,39.15860476,"Dar-Es-Salaam","wug","enough"
13621,"non-functional",-6.7294485,39.17532936,"Dar-Es-Salaam","vwc","dry"
45073,"functional",-6.99129411,39.08596496,"Dar-Es-Salaam","private operator","enough"
57063,"functional",-6.99129411,39.08596496,"Dar-Es-Salaam","private operator","enough"
43300,"functional",-6.69934244,39.0975142,"Dar-Es-Salaam","private operator","enough"
26300,"functional",-6.70861512,39.10618109,"Dar-Es-Salaam","parastatal","enough"
58130,"non-functional",-6.8323828,39.1586626,"Dar-Es-Salaam","wug","enough"
61744,"non-functional",-6.73427195,39.15813281,"Dar-Es-Salaam","vwc","dry"
7430,"non-functional",-6.89370438,39.11532196,"Dar-Es-Salaam","wug","enough"
37735,"non-functional",-6.73333389,39.15816546,"Dar-Es-Salaam","vwc","dry"
22211,"functional",-6.99014709,39.08887513,"Dar-Es-Salaam","wug","enough"
31679,"functional",-6.99014709,39.08887513,"Dar-Es-Salaam","wug","enough"
49118,"non-functional",-6.73881467,39.15916056,"Dar-Es-Salaam","vwc","dry"
27956,"functional",-7.00175035,39.0816642,"Dar-Es-Salaam","private operator","enough"
72975,"non-functional",-6.74048693,39.12739672,"Dar-Es-Salaam","vwc","dry"
59688,"non-functional",-6.73745346,39.15412521,"Dar-Es-Salaam","vwc","dry"
37447,"non-functional",-6.89770716,39.12407658,"Dar-Es-Salaam","parastatal","insufficient"
9378,"functional",-6.94543262,39.10315309,"Dar-Es-Salaam","private operator","enough"
7617,"non-functional",-6.73826123,39.14949255,"Dar-Es-Salaam","vwc","dry"
17722,"non-functional",-6.74182702,39.1419113,"Dar-Es-Salaam","vwc","dry"
71507,"functional",-6.70969097,39.1351784,"Dar-Es-Salaam","vwc","insufficient"
43529,"functional",-6.89114278,39.11519375,"Dar-Es-Salaam","private operator","enough"
70147,"non-functional",-6.7416754,39.14430363,"Dar-Es-Salaam","vwc","dry"
10377,"non-functional",-6.82296025,39.08193751,"Dar-Es-Salaam","vwc","dry"
25591,"non-functional",-6.81856276,39.08637967,"Dar-Es-Salaam","parastatal","dry"
14661,"non-functional",-6.81773982,39.08582215,"Dar-Es-Salaam","parastatal","dry"
25304,"non-functional",-6.81201631,39.07995995,"Dar-Es-Salaam","vwc","dry"
3104,"non-functional",-6.81504069,39.0850473,"Dar-Es-Salaam","vwc","dry"
39542,"non-functional",-6.81528572,39.08538008,"Dar-Es-Salaam","vwc","dry"
46980,"non-functional",-6.8180074,39.08443748,"Dar-Es-Salaam","parastatal","dry"
340,"non-functional",-6.98783757,39.15686243,"Dar-Es-Salaam","wua","dry"
390,"functional",-6.85611559,39.34915765,"Dar-Es-Salaam","wug","seasonal"
499,"functional",-6.64315599,39.09669236,"Dar-Es-Salaam","vwc","enough"
563,"non-functional",-6.89841209,39.12299929,"Dar-Es-Salaam","wug","insufficient"
660,"non-functional",-6.99518701,39.11940852,"Dar-Es-Salaam","wug","enough"
970,"functional",-6.98200774,39.08955697,"Dar-Es-Salaam","parastatal","enough"
992,"functional",-6.9107239,39.2128636,"Dar-Es-Salaam","private operator","enough"
1648,"functional",-6.94923932,39.10086306,"Dar-Es-Salaam","private operator","enough"
1984,"non-functional",-6.98738163,39.08723348,"Dar-Es-Salaam","wug","insufficient"
2167,"functional",-6.86787586,39.34664076,"Dar-Es-Salaam","wug","enough"
2190,"non-functional",-6.90294761,39.33578541,"Dar-Es-Salaam","other - school","enough"
2338,"functional",-6.87778635,39.40706981,"Dar-Es-Salaam","other - school","enough"
3060,"non-functional",-6.97258186,39.17819764,"Dar-Es-Salaam","parastatal","enough"
3284,"functional",-6.91296091,39.18288292,"Dar-Es-Salaam","wug","enough"
3575,"functional",-6.63875917,39.09014112,"Dar-Es-Salaam","vwc","enough"
4236,"non-functional",-6.98172319,39.09074224,"Dar-Es-Salaam","wug","enough"
4820,"functional",-6.93344989,39.18508599,"Dar-Es-Salaam","parastatal","enough"
4961,"non-functional",-6.99528281,39.07896571,"Dar-Es-Salaam","parastatal","enough"
5166,"non-functional",-6.73555696,39.15680782,"Dar-Es-Salaam","vwc","dry"
6168,"functional",-6.89960187,39.19664611,"Dar-Es-Salaam","wug","enough"
6181,"functional",-6.98383753,39.17786374,"Dar-Es-Salaam","wug","enough"
6379,"functional",-6.92202431,39.18790549,"Dar-Es-Salaam","wug","enough"
6465,"functional",-6.98636254,39.52601992,"Dar-Es-Salaam","parastatal","seasonal"
6690,"non-functional",-7.00579961,39.07101089,"Dar-Es-Salaam","wug","enough"
7802,"functional",-6.90021814,39.21321999,"Dar-Es-Salaam","private operator","enough"
8321,"functional",-6.9480991,39.17356907,"Dar-Es-Salaam","wug","enough"
8480,"functional",-6.90335636,39.22603182,"Dar-Es-Salaam","private operator","enough"
8511,"non-functional",-6.86407492,39.41424586,"Dar-Es-Salaam","vwc","dry"
8543,"functional",-6.88464414,39.11954001,"Dar-Es-Salaam","wug","enough"
9994,"functional",-7.03591527,39.09592246,"Dar-Es-Salaam","wug","enough"
10188,"functional",-6.99934416,39.15664413,"Dar-Es-Salaam","wug","enough"
11159,"non-functional",-6.86659882,39.41409348,"Dar-Es-Salaam","vwc","dry"
11235,"functional",-6.91287732,39.1975061,"Dar-Es-Salaam","private operator","enough"
11435,"functional",-6.89712406,39.20073436,"Dar-Es-Salaam","private operator","enough"
11452,"functional",-7.06448803,39.53657848,"Dar-Es-Salaam","vwc","enough"
11932,"functional",-6.90355228,39.19452394,"Dar-Es-Salaam","private operator","enough"
12074,"functional",-6.84879096,39.35034559,"Dar-Es-Salaam","other - school","enough"
12438,"non-functional",-6.93216909,39.48112371,"Dar-Es-Salaam","vwc","dry"
12471,"functional",-6.93873829,39.17883389,"Dar-Es-Salaam","private operator","enough"
12727,"non-functional",-6.58962235,39.11389639,"Dar-Es-Salaam","vwc","enough"
12863,"functional",-6.86957422,39.31023416,"Dar-Es-Salaam","wug","enough"
13061,"non-functional",-6.93450213,39.18337553,"Dar-Es-Salaam","wug","enough"
13837,"functional",-6.90318284,39.18780991,"Dar-Es-Salaam","wug","enough"
13980,"non-functional",-6.9016351,39.1828609,"Dar-Es-Salaam","wug","enough"
14223,"non-functional",-6.85749605,39.35365194,"Dar-Es-Salaam","wug","dry"
14274,"functional",-6.89575265,39.18584631,"Dar-Es-Salaam","wug","enough"
14299,"functional",-6.90469482,39.17914192,"Dar-Es-Salaam","private operator","enough"
14473,"non-functional",-6.97406609,39.42672244,"Dar-Es-Salaam","other - school","enough"
14856,"functional",-6.88678539,39.40721626,"Dar-Es-Salaam","other - school","enough"
15136,"non-functional",-6.97418705,39.07725822,"Dar-Es-Salaam","wug","enough"
15262,"functional",-7.0717476,39.53389648,"Dar-Es-Salaam","vwc","enough"
15790,"functional",-6.93650067,39.17597062,"Dar-Es-Salaam","parastatal","enough"
16022,"functional",-6.90020012,39.19588016,"Dar-Es-Salaam","private operator","enough"
16115,"functional",-6.86206429,39.3552924,"Dar-Es-Salaam","wug","enough"
16649,"functional",-6.91901492,39.36306383,"Dar-Es-Salaam","other - school","enough"
17078,"functional",-6.64035179,39.09462455,"Dar-Es-Salaam","vwc","enough"
17133,"functional",-7.08622015,39.52931401,"Dar-Es-Salaam","vwc","enough"
17170,"functional",-6.90559699,39.16307993,"Dar-Es-Salaam","private operator","enough"
18940,"functional",-6.8548894,39.3509804,"Dar-Es-Salaam","other - school","enough"
19137,"functional",-6.85068467,39.35084923,"Dar-Es-Salaam","other - school","enough"
19655,"functional",-6.91721257,39.13575381,"Dar-Es-Salaam","private operator","enough"
20042,"functional",-6.90190236,39.19669517,"Dar-Es-Salaam","parastatal","enough"
20296,"non-functional",-6.87602689,39.39465544,"Dar-Es-Salaam","other - school","dry"
21525,"non-functional",-6.9066211,39.36347523,"Dar-Es-Salaam","other - school","enough"
22102,"functional",-6.58915201,39.11572948,"Dar-Es-Salaam","parastatal","enough"
22567,"functional",-6.8545419,39.16378702,"Dar-Es-Salaam","wug","enough"
22954,"functional",-6.77381547,39.04174245,"Dar-Es-Salaam","vwc","insufficient"
23023,"non-functional",-6.97391498,39.10789343,"Dar-Es-Salaam","wug","enough"
23564,"functional",-6.99004232,39.08057272,"Dar-Es-Salaam","private operator","enough"
23807,"non-functional",-6.93213986,39.46761909,"Dar-Es-Salaam","vwc","dry"
23899,"functional",-6.90819875,39.19086162,"Dar-Es-Salaam","private operator","enough"
24104,"functional",-6.92084859,39.18313903,"Dar-Es-Salaam","wug","enough"
24170,"non-functional",-6.8627781,39.36264046,"Dar-Es-Salaam","other - school","dry"
25727,"functional",-6.98174388,39.16346623,"Dar-Es-Salaam","private operator","enough"
25800,"non-functional",-7.04579311,39.08768923,"Dar-Es-Salaam","wug","enough"
26218,"non-functional",-6.91261356,39.19149722,"Dar-Es-Salaam","wug","enough"
26509,"non-functional",-6.99545576,39.12651326,"Dar-Es-Salaam","wug","enough"
26881,"non-functional",-6.91942658,39.11988301,"Dar-Es-Salaam","wug","enough"
26969,"functional",-6.98602609,39.08843697,"Dar-Es-Salaam","wug","enough"
27341,"non-functional",-6.92750885,39.09910637,"Dar-Es-Salaam","wug","enough"
27398,"functional",-6.93122475,39.17641524,"Dar-Es-Salaam","wug","enough"
27556,"functional",-6.91761668,39.1997567,"Dar-Es-Salaam","private operator","enough"
27601,"functional",-6.88281314,39.12643529,"Dar-Es-Salaam","wug","enough"
28022,"non-functional",-6.71181743,39.1799244,"Dar-Es-Salaam","vwc","dry"
28381,"non-functional",-6.86146391,39.35288608,"Dar-Es-Salaam","wug","dry"
28611,"functional",-6.93787116,39.17182023,"Dar-Es-Salaam","wug","enough"
28826,"functional",-6.89785923,39.13599246,"Dar-Es-Salaam","wug","enough"
29090,"functional",-6.91028659,39.15647013,"Dar-Es-Salaam","private operator","enough"
29189,"functional",-6.90581012,39.17397115,"Dar-Es-Salaam","private operator","enough"
29283,"functional",-6.93430585,39.18588089,"Dar-Es-Salaam","private operator","enough"
29483,"non-functional",-6.90943867,39.12198414,"Dar-Es-Salaam","wug","enough"
29558,"functional",-6.87387998,39.40782335,"Dar-Es-Salaam","other - school","enough"
30014,"functional",-7.00133107,39.07892165,"Dar-Es-Salaam","private operator","enough"
30237,"non-functional",-6.98782145,39.08738626,"Dar-Es-Salaam","wug","enough"
30495,"functional",-6.95549622,39.10290409,"Dar-Es-Salaam","private operator","enough"
30747,"non-functional",-6.81706348,39.08439385,"Dar-Es-Salaam","parastatal","dry"
30889,"functional",-6.99004232,39.08057272,"Dar-Es-Salaam","private operator","enough"
31089,"functional",-6.90372419,39.2200884,"Dar-Es-Salaam","wug","enough"
31204,"non-functional",-6.58938041,39.11185278,"Dar-Es-Salaam","vwc","enough"
31819,"non-functional",-6.9503264,39.10151289,"Dar-Es-Salaam","wug","enough"
32182,"functional",-6.88949509,39.12033011,"Dar-Es-Salaam","private operator","enough"
32462,"functional",-6.6723486,39.16843964,"Dar-Es-Salaam","parastatal","enough"
32796,"non-functional",-7.0039405,39.42795195,"Dar-Es-Salaam","other - school","enough"
33439,"non-functional",-6.81842762,39.08552093,"Dar-Es-Salaam","parastatal","dry"
33614,"non-functional",-7.03140395,39.41311317,"Dar-Es-Salaam","parastatal","enough"
33711,"non-functional",-6.81577033,39.08658111,"Dar-Es-Salaam","vwc","dry"
35014,"functional",-6.99350277,39.07414837,"Dar-Es-Salaam","parastatal","enough"
35732,"non-functional",-6.98466464,39.08857637,"Dar-Es-Salaam","wug","enough"
36720,"non-functional",-6.97393009,39.09287141,"Dar-Es-Salaam","wug","enough"
36976,"functional",-6.98300812,39.09453548,"Dar-Es-Salaam","private operator","enough"
37497,"functional",-6.91449574,39.35319707,"Dar-Es-Salaam","other - school","enough"
38934,"non-functional",-7.03966861,39.08427013,"Dar-Es-Salaam","wug","enough"
39000,"non-functional",-6.94716331,39.19231393,"Dar-Es-Salaam","wug","enough"
39146,"functional",-6.90243001,39.1935084,"Dar-Es-Salaam","private operator","enough"
39856,"functional",-6.90337376,39.21865441,"Dar-Es-Salaam","wug","enough"
39896,"non-functional",-6.81558206,39.08036584,"Dar-Es-Salaam","vwc","dry"
40161,"functional",-6.94938209,39.10171934,"Dar-Es-Salaam","private operator","enough"
40190,"non-functional",-6.74273198,39.16167274,"Dar-Es-Salaam","vwc","dry"
41075,"functional",-6.9041875,39.21315984,"Dar-Es-Salaam","wug","enough"
41090,"non-functional",-6.83732825,39.147202,"Dar-Es-Salaam","wug","enough"
41889,"functional",-6.90119543,39.20351624,"Dar-Es-Salaam","private operator","enough"
42660,"functional",-7.0104785,39.07920098,"Dar-Es-Salaam","wug","insufficient"
43023,"functional",-6.90641274,39.1901443,"Dar-Es-Salaam","private operator","enough"
43449,"non-functional",-7.04882147,39.08299395,"Dar-Es-Salaam","wug","enough"
44064,"functional",-6.86542655,39.37183298,"Dar-Es-Salaam","wug","insufficient"
44087,"non-functional",-6.84498179,39.35166391,"Dar-Es-Salaam","vwc","dry"
44188,"functional",-6.93667466,39.1757025,"Dar-Es-Salaam","parastatal","enough"
45067,"non-functional",-6.91470763,39.11900122,"Dar-Es-Salaam","unknown","unknown"
45266,"non-functional",-6.75263873,39.04423615,"Dar-Es-Salaam","parastatal","dry"
45534,"functional",-6.91462897,39.35605709,"Dar-Es-Salaam","other - school","enough"
45656,"functional",-6.99394878,39.07548471,"Dar-Es-Salaam","parastatal","enough"
45885,"functional",-7.00253465,39.08145143,"Dar-Es-Salaam","private operator","enough"
45897,"functional",-6.92144904,39.35611278,"Dar-Es-Salaam","other - school","enough"
45906,"functional",-6.91898356,39.13707554,"Dar-Es-Salaam","private operator","enough"
46205,"functional",-6.90709308,39.19497725,"Dar-Es-Salaam","wug","enough"
46271,"non-functional",-7.04990083,39.07599758,"Dar-Es-Salaam","wug","enough"
46471,"non-functional",-6.91281957,39.12162045,"Dar-Es-Salaam","unknown","unknown"
46924,"functional",-6.90354909,39.18856101,"Dar-Es-Salaam","private operator","enough"
47603,"non-functional",-6.74128875,39.14686574,"Dar-Es-Salaam","vwc","dry"
47798,"functional",-6.96093814,39.0976144,"Dar-Es-Salaam","private operator","enough"
47853,"functional",-6.99910328,39.08661829,"Dar-Es-Salaam","private operator","enough"
47960,"non-functional",-6.98052531,39.09057676,"Dar-Es-Salaam","wug","enough"
48006,"functional",-6.67266384,39.16975915,"Dar-Es-Salaam","parastatal","enough"
48614,"functional",-6.64837231,39.09279766,"Dar-Es-Salaam","vwc","enough"
49861,"non-functional",-7.00866174,39.53571763,"Dar-Es-Salaam","other - school","seasonal"
51143,"functional",-6.91947554,39.17717736,"Dar-Es-Salaam","wug","enough"
51690,"functional",-6.94273741,39.17984352,"Dar-Es-Salaam","private operator","enough"
52757,"non-functional",-6.57581989,39.13058592,"Dar-Es-Salaam","parastatal","dry"
52875,"functional",-6.90575527,39.22436075,"Dar-Es-Salaam","private operator","enough"
53890,"non-functional",-6.58964961,39.11304695,"Dar-Es-Salaam","vwc","enough"
53891,"non-functional",-6.81472351,39.08513502,"Dar-Es-Salaam","vwc","dry"
54752,"functional",-6.90655604,39.17321737,"Dar-Es-Salaam","wug","enough"
55334,"functional",-6.94423137,39.18072761,"Dar-Es-Salaam","private operator","enough"
55945,"non-functional",-6.85575538,39.39353186,"Dar-Es-Salaam","other - school","dry"
56303,"functional",-6.98077879,39.09663797,"Dar-Es-Salaam","private operator","enough"
56731,"functional",-6.64906357,39.09453747,"Dar-Es-Salaam","vwc","enough"
57016,"functional",-6.88612125,39.43543291,"Dar-Es-Salaam","parastatal","seasonal"
57167,"functional",-7.00816025,39.07005255,"Dar-Es-Salaam","private operator","enough"
57177,"non-functional",-6.84120628,39.15896432,"Dar-Es-Salaam","parastatal","enough"
57324,"functional",-6.90573083,39.20007806,"Dar-Es-Salaam","private operator","enough"
57440,"functional",-6.89655765,39.19776177,"Dar-Es-Salaam","private operator","enough"
57466,"functional",-7.09863573,39.43059383,"Dar-Es-Salaam","vwc","enough"
58047,"non-functional",-6.90805705,39.11519964,"Dar-Es-Salaam","unknown","unknown"
58090,"non-functional",-6.9799109,39.09674464,"Dar-Es-Salaam","wug","seasonal"
58167,"functional",-6.70918911,39.10664496,"Dar-Es-Salaam","vwc","enough"
58363,"non-functional",-6.97058216,39.17828474,"Dar-Es-Salaam","parastatal","enough"
59065,"functional",-6.69710654,39.17428201,"Dar-Es-Salaam","vwc","insufficient"
59952,"functional",-6.64932736,39.09277656,"Dar-Es-Salaam","vwc","enough"
60263,"functional",-6.89497994,39.18251835,"Dar-Es-Salaam","wug","enough"
60301,"functional",-6.64998688,39.09456841,"Dar-Es-Salaam","vwc","enough"
60475,"functional",-7.0983675,39.43186894,"Dar-Es-Salaam","vwc","enough"
60748,"non-functional",-6.84761269,39.32089887,"Dar-Es-Salaam","other - school","dry"
60900,"functional",-6.85787485,39.35507162,"Dar-Es-Salaam","wug","seasonal"
61553,"functional",-6.64226052,39.09553702,"Dar-Es-Salaam","vwc","enough"
61641,"non-functional",-7.03055802,39.52970608,"Dar-Es-Salaam","other - school","enough"
61892,"functional",-6.83581457,39.16657092,"Dar-Es-Salaam","private operator","enough"
62229,"non-functional",-6.89393507,39.34079178,"Dar-Es-Salaam","vwc","dry"
62337,"functional",-6.9205558,39.20133706,"Dar-Es-Salaam","private operator","enough"
62820,"functional",-6.92075668,39.35430902,"Dar-Es-Salaam","other - school","enough"
63163,"functional",-6.91112353,39.20990757,"Dar-Es-Salaam","wug","enough"
63367,"functional",-6.91435393,39.15610161,"Dar-Es-Salaam","private operator","enough"
63414,"functional",-7.04424858,39.08931476,"Dar-Es-Salaam","parastatal","enough"
63507,"functional",-6.96221167,39.097877,"Dar-Es-Salaam","parastatal","enough"
63657,"non-functional",-6.97585053,39.17282058,"Dar-Es-Salaam","wug","enough"
63717,"non-functional",-6.97645839,39.18535887,"Dar-Es-Salaam","wug","enough"
63937,"functional",-6.99776794,39.08364835,"Dar-Es-Salaam","private operator","enough"
64554,"functional",-7.0035038,39.08342696,"Dar-Es-Salaam","private operator","enough"
64730,"functional",-6.84956755,39.3425651,"Dar-Es-Salaam","other - school","enough"
65548,"functional",-6.95895682,39.09626921,"Dar-Es-Salaam","private operator","enough"
65604,"functional",-6.88265065,39.33665077,"Dar-Es-Salaam","other - school","seasonal"
65699,"non-functional",-6.90068288,39.16950881,"Dar-Es-Salaam","unknown","enough"
66043,"non-functional",-6.92183473,39.4736433,"Dar-Es-Salaam","other - school","dry"
66706,"non-functional",-6.97277246,39.17545846,"Dar-Es-Salaam","vwc","dry"
67028,"functional",-6.88818405,39.11696702,"Dar-Es-Salaam","parastatal","enough"
67258,"functional",-6.90357938,39.19280794,"Dar-Es-Salaam","private operator","enough"
67273,"functional",-6.90061091,39.21646993,"Dar-Es-Salaam","private operator","enough"
67474,"non-functional",-7.09734243,39.43427333,"Dar-Es-Salaam","vwc","dry"
68497,"functional",-6.89299204,39.19406304,"Dar-Es-Salaam","wug","enough"
69402,"functional",-6.95240862,39.09875287,"Dar-Es-Salaam","private operator","enough"
69611,"functional",-6.90056096,39.21744845,"Dar-Es-Salaam","private operator","enough"
69743,"non-functional",-6.89806783,39.15977848,"Dar-Es-Salaam","wug","unknown"
69961,"functional",-6.85026202,39.32230666,"Dar-Es-Salaam","other - school","enough"
70000,"functional",-6.99916284,39.08646292,"Dar-Es-Salaam","private operator","enough"
70353,"functional",-6.89905504,39.16240801,"Dar-Es-Salaam","private operator","enough"
70711,"functional",-7.0113084,39.15332153,"Dar-Es-Salaam","private operator","enough"
70858,"functional",-6.98267879,39.08827909,"Dar-Es-Salaam","private operator","enough"
71400,"non-functional",-6.98681495,39.52628467,"Dar-Es-Salaam","vwc","dry"
71866,"functional",-6.90193895,39.18901723,"Dar-Es-Salaam","wug","enough"
72339,"functional",-6.91252846,39.2033255,"Dar-Es-Salaam","private operator","enough"
72467,"functional",-6.98019707,39.09280413,"Dar-Es-Salaam","private operator","enough"
72753,"functional",-6.9764185,39.08541154,"Dar-Es-Salaam","private operator","enough"
73004,"functional",-6.90343418,39.19523308,"Dar-Es-Salaam","private operator","enough"
73221,"non-functional",-6.88563914,39.41974346,"Dar-Es-Salaam","other - school","insufficient"
73229,"non-functional",-6.85594302,39.16342965,"Dar-Es-Salaam","wug","enough"
73759,"functional",-6.85752372,39.32276137,"Dar-Es-Salaam","other - school","seasonal"
